"GAME_ID","SEASON","SEASON_TYPE","GAME_DATE","MATCHUP","HOME_TEAM_ID","AWAY_TEAM_ID","HOME_TEAM_ABBR","AWAY_TEAM_ABBR","HOME_TEAM","AWAY_TEAM","HOME_PTS","AWAY_PTS","TEAM_ID","TEAM_ABBREVIATION","TEAM_CITY","PLAYER_ID","PLAYER_NAME","NICKNAME","START_POSITION","COMMENT","MIN","FGM","FGA","FG_PCT","FG3M","FG3A","FG3_PCT","FTM","FTA","FT_PCT","OREB","DREB","REB","AST","STL","BLK","TO","PF","PTS","PLUS_MINUS","START_TIME","END_TIME"
"0020800001","2008-09","Regular Season",2008-10-28,"CLE @ BOS","1610612738","1610612739","BOS","CLE","Boston Celtics","Cleveland Cavaliers",90,85,1610612739,"CLE","Cleveland",2544,"LeBron James","LeBron","F",NA,"5:22",1,3,0.333,0,1,0,0,0,0,0,1,1,3,1,1,1,0,2,8,0,3220
"0020800001","2008-09","Regular Season",2008-10-28,"CLE @ BOS","1610612738","1610612739","BOS","CLE","Boston Celtics","Cleveland Cavaliers",90,85,1610612739,"CLE","Cleveland",1112,"Ben Wallace","Ben","F",NA,"5:22",0,0,0,0,0,0,0,0,0,0,2,2,0,0,0,0,0,0,8,0,3220
"0020800001","2008-09","Regular Season",2008-10-28,"CLE @ BOS","1610612738","1610612739","BOS","CLE","Boston Celtics","Cleveland Cavaliers",90,85,1610612739,"CLE","Cleveland",980,"Zydrunas Ilgauskas","Zydrunas","C",NA,"5:22",1,1,1,0,0,0,1,2,0.5,0,2,2,0,0,0,1,0,3,8,0,3220
"0020800001","2008-09","Regular Season",2008-10-28,"CLE @ BOS","1610612738","1610612739","BOS","CLE","Boston Celtics","Cleveland Cavaliers",90,85,1610612739,"CLE","Cleveland",2753,"Delonte West","Delonte","G",NA,"5:22",1,1,1,0,0,0,2,2,1,0,1,1,0,0,0,0,0,4,8,0,3220
"0020800001","2008-09","Regular Season",2008-10-28,"CLE @ BOS","1610612738","1610612739","BOS","CLE","Boston Celtics","Cleveland Cavaliers",90,85,1610612739,"CLE","Cleveland",2590,"Mo Williams","Mo","G",NA,"5:22",1,3,0.333,1,1,1,0,0,0,0,1,1,0,0,0,0,0,3,8,0,3220
"0020800001","2008-09","Regular Season",2008-10-28,"CLE @ BOS","1610612738","1610612739","BOS","CLE","Boston Celtics","Cleveland Cavaliers",90,85,1610612738,"BOS","Boston",1718,"Paul Pierce","Paul","F",NA,"5:22",1,3,0.333,0,1,0,0,0,0,0,0,0,0,1,0,0,0,2,-8,0,3220
"0020800001","2008-09","Regular Season",2008-10-28,"CLE @ BOS","1610612738","1610612739","BOS","CLE","Boston Celtics","Cleveland Cavaliers",90,85,1610612738,"BOS","Boston",708,"Kevin Garnett","Kevin","F",NA,"5:22",1,3,0.333,0,0,0,0,0,0,0,1,1,0,0,0,1,0,2,-8,0,3220
"0020800001","2008-09","Regular Season",2008-10-28,"CLE @ BOS","1610612738","1610612739","BOS","CLE","Boston Celtics","Cleveland Cavaliers",90,85,1610612738,"BOS","Boston",2570,"Kendrick Perkins","Kendrick","C",NA,"5:22",0,1,0,0,0,0,0,0,0,1,1,2,0,0,0,0,1,0,-8,0,3220
"0020800001","2008-09","Regular Season",2008-10-28,"CLE @ BOS","1610612738","1610612739","BOS","CLE","Boston Celtics","Cleveland Cavaliers",90,85,1610612738,"BOS","Boston",951,"Ray Allen","Ray","G",NA,"5:22",0,3,0,0,2,0,0,0,0,0,1,1,0,0,0,0,0,0,-8,0,3220
"0020800001","2008-09","Regular Season",2008-10-28,"CLE @ BOS","1610612738","1610612739","BOS","CLE","Boston Celtics","Cleveland Cavaliers",90,85,1610612738,"BOS","Boston",200765,"Rajon Rondo","Rajon","G",NA,"5:22",0,0,0,0,0,0,0,0,0,0,0,0,2,0,0,1,2,0,-8,0,3220
"0020800001","2008-09","Regular Season",2008-10-28,"CLE @ BOS","1610612738","1610612739","BOS","CLE","Boston Celtics","Cleveland Cavaliers",90,85,1610612739,"CLE","Cleveland",2544,"LeBron James","LeBron","F",NA,"1:41",0,1,0,0,1,0,0,0,0,0,0,0,0,0,0,0,1,0,0,3220,4230
"0020800001","2008-09","Regular Season",2008-10-28,"CLE @ BOS","1610612738","1610612739","BOS","CLE","Boston Celtics","Cleveland Cavaliers",90,85,1610612739,"CLE","Cleveland",1112,"Ben Wallace","Ben","F",NA,"1:41",0,0,0,0,0,0,0,0,0,0,0,0,0,0,0,0,0,0,0,3220,4230
"0020800001","2008-09","Regular Season",2008-10-28,"CLE @ BOS","1610612738","1610612739","BOS","CLE","Boston Celtics","Cleveland Cavaliers",90,85,1610612739,"CLE","Cleveland",980,"Zydrunas Ilgauskas","Zydrunas","C",NA,"1:41",0,0,0,0,0,0,2,2,1,1,0,1,0,0,0,0,1,2,0,3220,4230
"0020800001","2008-09","Regular Season",2008-10-28,"CLE @ BOS","1610612738","1610612739","BOS","CLE","Boston Celtics","Cleveland Cavaliers",90,85,1610612739,"CLE","Cleveland",2753,"Delonte West","Delonte","G",NA,"1:41",0,0,0,0,0,0,0,0,0,0,0,0,0,0,0,0,0,0,0,3220,4230
"0020800001","2008-09","Regular Season",2008-10-28,"CLE @ BOS","1610612738","1610612739","BOS","CLE","Boston Celtics","Cleveland Cavaliers",90,85,1610612739,"CLE","Cleveland",2590,"Mo Williams","Mo","G",NA,"1:41",1,1,1,0,0,0,0,0,0,0,0,0,0,0,0,0,0,2,0,3220,4230
"0020800001","2008-09","Regular Season",2008-10-28,"CLE @ BOS","1610612738","1610612739","BOS","CLE","Boston Celtics","Cleveland Cavaliers",90,85,1610612738,"BOS","Boston",1718,"Paul Pierce","Paul","F",NA,"1:41",2,3,0.667,0,0,0,0,1,0,0,0,0,0,0,0,0,0,4,0,3220,4230
"0020800001","2008-09","Regular Season",2008-10-28,"CLE @ BOS","1610612738","1610612739","BOS","CLE","Boston Celtics","Cleveland Cavaliers",90,85,1610612738,"BOS","Boston",708,"Kevin Garnett","Kevin","F",NA,"1:41",0,0,0,0,0,0,0,0,0,0,0,0,0,0,0,0,0,0,0,3220,4230
"0020800001","2008-09","Regular Season",2008-10-28,"CLE @ BOS","1610612738","1610612739","BOS","CLE","Boston Celtics","Cleveland Cavaliers",90,85,1610612738,"BOS","Boston",2570,"Kendrick Perkins","Kendrick","C",NA,"1:41",0,0,0,0,0,0,0,0,0,2,0,2,0,0,0,0,0,0,0,3220,4230
"0020800001","2008-09","Regular Season",2008-10-28,"CLE @ BOS","1610612738","1610612739","BOS","CLE","Boston Celtics","Cleveland Cavaliers",90,85,1610612738,"BOS","Boston",951,"Ray Allen","Ray","G",NA,"1:41",0,0,0,0,0,0,0,0,0,0,0,0,0,0,0,0,0,0,0,3220,4230
"0020800001","2008-09","Regular Season",2008-10-28,"CLE @ BOS","1610612738","1610612739","BOS","CLE","Boston Celtics","Cleveland Cavaliers",90,85,1610612738,"BOS","Boston",2067,"Eddie House","Eddie",NA,NA,"1:41",0,1,0,0,1,0,0,0,0,0,0,0,0,0,0,0,1,0,0,3220,4230
"0020800001","2008-09","Regular Season",2008-10-28,"CLE @ BOS","1610612738","1610612739","BOS","CLE","Boston Celtics","Cleveland Cavaliers",90,85,1610612739,"CLE","Cleveland",2544,"LeBron James","LeBron","F",NA,"1:30",1,2,0.5,0,0,0,0,0,0,0,1,1,0,1,0,0,0,2,1,4230,5130
"0020800001","2008-09","Regular Season",2008-10-28,"CLE @ BOS","1610612738","1610612739","BOS","CLE","Boston Celtics","Cleveland Cavaliers",90,85,1610612739,"CLE","Cleveland",980,"Zydrunas Ilgauskas","Zydrunas","C",NA,"1:30",0,0,0,0,0,0,2,2,1,0,0,0,1,0,0,0,0,2,1,4230,5130
"0020800001","2008-09","Regular Season",2008-10-28,"CLE @ BOS","1610612738","1610612739","BOS","CLE","Boston Celtics","Cleveland Cavaliers",90,85,1610612739,"CLE","Cleveland",2753,"Delonte West","Delonte","G",NA,"1:30",0,0,0,0,0,0,0,0,0,0,0,0,0,0,0,0,0,0,1,4230,5130
"0020800001","2008-09","Regular Season",2008-10-28,"CLE @ BOS","1610612738","1610612739","BOS","CLE","Boston Celtics","Cleveland Cavaliers",90,85,1610612739,"CLE","Cleveland",2590,"Mo Williams","Mo","G",NA,"1:30",0,0,0,0,0,0,0,0,0,0,0,0,0,0,0,0,0,0,1,4230,5130
"0020800001","2008-09","Regular Season",2008-10-28,"CLE @ BOS","1610612738","1610612739","BOS","CLE","Boston Celtics","Cleveland Cavaliers",90,85,1610612739,"CLE","Cleveland",1887,"Wally Szczerbiak","Wally",NA,NA,"1:30",0,1,0,0,0,0,0,0,0,0,0,0,0,0,0,0,1,0,1,4230,5130
"0020800001","2008-09","Regular Season",2008-10-28,"CLE @ BOS","1610612738","1610612739","BOS","CLE","Boston Celtics","Cleveland Cavaliers",90,85,1610612738,"BOS","Boston",1718,"Paul Pierce","Paul","F",NA,"1:30",1,1,1,0,0,0,1,1,1,0,0,0,0,0,0,0,0,3,-1,4230,5130
"0020800001","2008-09","Regular Season",2008-10-28,"CLE @ BOS","1610612738","1610612739","BOS","CLE","Boston Celtics","Cleveland Cavaliers",90,85,1610612738,"BOS","Boston",708,"Kevin Garnett","Kevin","F",NA,"1:30",0,0,0,0,0,0,0,0,0,0,0,0,0,0,0,0,1,0,-1,4230,5130
"0020800001","2008-09","Regular Season",2008-10-28,"CLE @ BOS","1610612738","1610612739","BOS","CLE","Boston Celtics","Cleveland Cavaliers",90,85,1610612738,"BOS","Boston",2570,"Kendrick Perkins","Kendrick","C",NA,"1:30",0,0,0,0,0,0,0,0,0,0,0,0,0,0,0,0,0,0,-1,4230,5130
"0020800001","2008-09","Regular Season",2008-10-28,"CLE @ BOS","1610612738","1610612739","BOS","CLE","Boston Celtics","Cleveland Cavaliers",90,85,1610612738,"BOS","Boston",951,"Ray Allen","Ray","G",NA,"1:30",0,0,0,0,0,0,0,0,0,0,1,1,0,0,0,1,1,0,-1,4230,5130
"0020800001","2008-09","Regular Season",2008-10-28,"CLE @ BOS","1610612738","1610612739","BOS","CLE","Boston Celtics","Cleveland Cavaliers",90,85,1610612738,"BOS","Boston",2067,"Eddie House","Eddie",NA,NA,"1:30",0,0,0,0,0,0,0,0,0,0,0,0,0,0,0,0,0,0,-1,4230,5130
"0020800001","2008-09","Regular Season",2008-10-28,"CLE @ BOS","1610612738","1610612739","BOS","CLE","Boston Celtics","Cleveland Cavaliers",90,85,1610612739,"CLE","Cleveland",2544,"LeBron James","LeBron","F",NA,"0:18",0,0,0,0,0,0,0,0,0,0,0,0,0,0,0,0,0,0,2,5130,5310
"0020800001","2008-09","Regular Season",2008-10-28,"CLE @ BOS","1610612738","1610612739","BOS","CLE","Boston Celtics","Cleveland Cavaliers",90,85,1610612739,"CLE","Cleveland",980,"Zydrunas Ilgauskas","Zydrunas","C",NA,"0:18",0,0,0,0,0,0,0,0,0,0,0,0,0,0,0,0,0,0,2,5130,5310
"0020800001","2008-09","Regular Season",2008-10-28,"CLE @ BOS","1610612738","1610612739","BOS","CLE","Boston Celtics","Cleveland Cavaliers",90,85,1610612739,"CLE","Cleveland",2753,"Delonte West","Delonte","G",NA,"0:18",0,0,0,0,0,0,0,0,0,0,0,0,0,0,0,0,0,0,2,5130,5310
"0020800001","2008-09","Regular Season",2008-10-28,"CLE @ BOS","1610612738","1610612739","BOS","CLE","Boston Celtics","Cleveland Cavaliers",90,85,1610612739,"CLE","Cleveland",1887,"Wally Szczerbiak","Wally",NA,NA,"0:18",0,0,0,0,0,0,2,2,1,0,0,0,0,0,0,0,0,2,2,5130,5310
"0020800001","2008-09","Regular Season",2008-10-28,"CLE @ BOS","1610612738","1610612739","BOS","CLE","Boston Celtics","Cleveland Cavaliers",90,85,1610612739,"CLE","Cleveland",200789,"Daniel Gibson","Daniel",NA,NA,"0:18",0,0,0,0,0,0,0,0,0,0,0,0,0,0,0,0,0,0,2,5130,5310
"0020800001","2008-09","Regular Season",2008-10-28,"CLE @ BOS","1610612738","1610612739","BOS","CLE","Boston Celtics","Cleveland Cavaliers",90,85,1610612738,"BOS","Boston",1718,"Paul Pierce","Paul","F",NA,"0:18",0,0,0,0,0,0,0,0,0,0,0,0,0,0,0,0,0,0,-2,5130,5310
"0020800001","2008-09","Regular Season",2008-10-28,"CLE @ BOS","1610612738","1610612739","BOS","CLE","Boston Celtics","Cleveland Cavaliers",90,85,1610612738,"BOS","Boston",708,"Kevin Garnett","Kevin","F",NA,"0:18",0,1,0,0,0,0,0,0,0,0,0,0,0,0,0,0,0,0,-2,5130,5310
"0020800001","2008-09","Regular Season",2008-10-28,"CLE @ BOS","1610612738","1610612739","BOS","CLE","Boston Celtics","Cleveland Cavaliers",90,85,1610612738,"BOS","Boston",2570,"Kendrick Perkins","Kendrick","C",NA,"0:18",0,0,0,0,0,0,0,0,0,0,0,0,0,0,0,0,1,0,-2,5130,5310
"0020800001","2008-09","Regular Season",2008-10-28,"CLE @ BOS","1610612738","1610612739","BOS","CLE","Boston Celtics","Cleveland Cavaliers",90,85,1610612738,"BOS","Boston",2067,"Eddie House","Eddie",NA,NA,"0:18",0,0,0,0,0,0,0,0,0,0,0,0,0,0,0,0,0,0,-2,5130,5310
"0020800001","2008-09","Regular Season",2008-10-28,"CLE @ BOS","1610612738","1610612739","BOS","CLE","Boston Celtics","Cleveland Cavaliers",90,85,1610612738,"BOS","Boston",2754,"Tony Allen","Tony",NA,NA,"0:18",0,0,0,0,0,0,0,0,0,0,0,0,0,0,0,0,0,0,-2,5130,5310
"0020800001","2008-09","Regular Season",2008-10-28,"CLE @ BOS","1610612738","1610612739","BOS","CLE","Boston Celtics","Cleveland Cavaliers",90,85,1610612739,"CLE","Cleveland",2544,"LeBron James","LeBron","F",NA,"3:09",1,2,0.5,0,0,0,0,0,0,0,0,0,1,0,0,0,0,2,-5,5310,7200
"0020800001","2008-09","Regular Season",2008-10-28,"CLE @ BOS","1610612738","1610612739","BOS","CLE","Boston Celtics","Cleveland Cavaliers",90,85,1610612739,"CLE","Cleveland",2753,"Delonte West","Delonte","G",NA,"3:09",0,0,0,0,0,0,0,0,0,0,1,1,1,0,0,1,0,0,-5,5310,7200
"0020800001","2008-09","Regular Season",2008-10-28,"CLE @ BOS","1610612738","1610612739","BOS","CLE","Boston Celtics","Cleveland Cavaliers",90,85,1610612739,"CLE","Cleveland",1887,"Wally Szczerbiak","Wally",NA,NA,"3:09",1,1,1,0,0,0,0,0,0,0,0,0,0,1,0,0,1,2,-5,5310,7200
"0020800001","2008-09","Regular Season",2008-10-28,"CLE @ BOS","1610612738","1610612739","BOS","CLE","Boston Celtics","Cleveland Cavaliers",90,85,1610612739,"CLE","Cleveland",200789,"Daniel Gibson","Daniel",NA,NA,"3:09",0,0,0,0,0,0,0,0,0,0,0,0,1,0,0,0,0,0,-5,5310,7200
"0020800001","2008-09","Regular Season",2008-10-28,"CLE @ BOS","1610612738","1610612739","BOS","CLE","Boston Celtics","Cleveland Cavaliers",90,85,1610612739,"CLE","Cleveland",2760,"Anderson Varejao","Anderson",NA,NA,"3:09",1,1,1,0,0,0,0,0,0,0,0,0,0,0,0,1,0,2,-5,5310,7200
"0020800001","2008-09","Regular Season",2008-10-28,"CLE @ BOS","1610612738","1610612739","BOS","CLE","Boston Celtics","Cleveland Cavaliers",90,85,1610612738,"BOS","Boston",1718,"Paul Pierce","Paul","F",NA,"3:09",1,1,1,0,0,0,0,0,0,0,0,0,0,0,0,1,0,2,5,5310,7200
"0020800001","2008-09","Regular Season",2008-10-28,"CLE @ BOS","1610612738","1610612739","BOS","CLE","Boston Celtics","Cleveland Cavaliers",90,85,1610612738,"BOS","Boston",708,"Kevin Garnett","Kevin","F",NA,"3:09",2,2,1,0,0,0,0,0,0,0,1,1,0,1,0,0,0,4,5,5310,7200
"0020800001","2008-09","Regular Season",2008-10-28,"CLE @ BOS","1610612738","1610612739","BOS","CLE","Boston Celtics","Cleveland Cavaliers",90,85,1610612738,"BOS","Boston",2067,"Eddie House","Eddie",NA,NA,"3:09",0,0,0,0,0,0,0,0,0,0,0,0,0,0,0,0,0,0,5,5310,7200
"0020800001","2008-09","Regular Season",2008-10-28,"CLE @ BOS","1610612738","1610612739","BOS","CLE","Boston Celtics","Cleveland Cavaliers",90,85,1610612738,"BOS","Boston",2754,"Tony Allen","Tony",NA,NA,"3:09",0,1,0,0,0,0,0,0,0,0,0,0,0,1,0,0,0,0,5,5310,7200
"0020800001","2008-09","Regular Season",2008-10-28,"CLE @ BOS","1610612738","1610612739","BOS","CLE","Boston Celtics","Cleveland Cavaliers",90,85,1610612738,"BOS","Boston",200796,"Leon Powe","Leon",NA,NA,"3:09",2,3,0.667,0,0,0,1,1,1,1,0,1,0,0,0,0,0,5,5,5310,7200
"0020800001","2008-09","Regular Season",2008-10-28,"CLE @ BOS","1610612738","1610612739","BOS","CLE","Boston Celtics","Cleveland Cavaliers",90,85,1610612739,"CLE","Cleveland",1887,"Wally Szczerbiak","Wally",NA,NA,"5:50",0,1,0,0,0,0,0,0,0,0,0,0,0,0,0,1,0,0,5,7200,10700
"0020800001","2008-09","Regular Season",2008-10-28,"CLE @ BOS","1610612738","1610612739","BOS","CLE","Boston Celtics","Cleveland Cavaliers",90,85,1610612739,"CLE","Cleveland",200789,"Daniel Gibson","Daniel",NA,NA,"5:50",2,3,0.667,0,0,0,2,3,0.667,0,1,1,1,0,0,0,0,6,5,7200,10700
"0020800001","2008-09","Regular Season",2008-10-28,"CLE @ BOS","1610612738","1610612739","BOS","CLE","Boston Celtics","Cleveland Cavaliers",90,85,1610612739,"CLE","Cleveland",2760,"Anderson Varejao","Anderson",NA,NA,"5:50",0,1,0,0,0,0,3,4,0.75,1,1,2,1,1,0,0,0,3,5,7200,10700
"0020800001","2008-09","Regular Season",2008-10-28,"CLE @ BOS","1610612738","1610612739","BOS","CLE","Boston Celtics","Cleveland Cavaliers",90,85,1610612739,"CLE","Cleveland",2562,"Sasha Pavlovic","Sasha",NA,NA,"5:50",0,1,0,0,1,0,0,0,0,0,2,2,0,0,0,2,0,0,5,7200,10700
"0020800001","2008-09","Regular Season",2008-10-28,"CLE @ BOS","1610612738","1610612739","BOS","CLE","Boston Celtics","Cleveland Cavaliers",90,85,1610612739,"CLE","Cleveland",953,"Lorenzen Wright","Lorenzen",NA,NA,"5:50",1,2,0.5,0,0,0,0,0,0,0,2,2,1,1,0,0,1,2,5,7200,10700
"0020800001","2008-09","Regular Season",2008-10-28,"CLE @ BOS","1610612738","1610612739","BOS","CLE","Boston Celtics","Cleveland Cavaliers",90,85,1610612738,"BOS","Boston",951,"Ray Allen","Ray","G",NA,"5:50",0,2,0,0,0,0,0,0,0,1,0,1,0,0,0,0,0,0,-5,7200,10700
"0020800001","2008-09","Regular Season",2008-10-28,"CLE @ BOS","1610612738","1610612739","BOS","CLE","Boston Celtics","Cleveland Cavaliers",90,85,1610612738,"BOS","Boston",2067,"Eddie House","Eddie",NA,NA,"5:50",1,4,0.25,0,3,0,0,0,0,0,1,1,0,1,0,1,1,2,-5,7200,10700
"0020800001","2008-09","Regular Season",2008-10-28,"CLE @ BOS","1610612738","1610612739","BOS","CLE","Boston Celtics","Cleveland Cavaliers",90,85,1610612738,"BOS","Boston",2754,"Tony Allen","Tony",NA,NA,"5:50",1,4,0.25,0,1,0,2,2,1,0,0,0,1,0,0,0,1,4,-5,7200,10700
"0020800001","2008-09","Regular Season",2008-10-28,"CLE @ BOS","1610612738","1610612739","BOS","CLE","Boston Celtics","Cleveland Cavaliers",90,85,1610612738,"BOS","Boston",200796,"Leon Powe","Leon",NA,NA,"5:50",0,0,0,0,0,0,0,0,0,0,1,1,0,0,0,0,2,0,-5,7200,10700
"0020800001","2008-09","Regular Season",2008-10-28,"CLE @ BOS","1610612738","1610612739","BOS","CLE","Boston Celtics","Cleveland Cavaliers",90,85,1610612738,"BOS","Boston",201175,"Glen Davis","Glen",NA,NA,"5:50",0,0,0,0,0,0,0,0,0,0,2,2,0,0,0,1,1,0,-5,7200,10700
"0020800001","2008-09","Regular Season",2008-10-28,"CLE @ BOS","1610612738","1610612739","BOS","CLE","Boston Celtics","Cleveland Cavaliers",90,85,1610612739,"CLE","Cleveland",1112,"Ben Wallace","Ben","F",NA,"0:43",0,0,0,0,0,0,0,0,0,0,0,0,0,0,0,0,0,0,-2,10700,11130
"0020800001","2008-09","Regular Season",2008-10-28,"CLE @ BOS","1610612738","1610612739","BOS","CLE","Boston Celtics","Cleveland Cavaliers",90,85,1610612739,"CLE","Cleveland",2590,"Mo Williams","Mo","G",NA,"0:43",0,0,0,0,0,0,0,0,0,0,0,0,0,0,0,0,1,0,-2,10700,11130
"0020800001","2008-09","Regular Season",2008-10-28,"CLE @ BOS","1610612738","1610612739","BOS","CLE","Boston Celtics","Cleveland Cavaliers",90,85,1610612739,"CLE","Cleveland",200789,"Daniel Gibson","Daniel",NA,NA,"0:43",0,0,0,0,0,0,0,0,0,0,0,0,0,0,0,0,0,0,-2,10700,11130
"0020800001","2008-09","Regular Season",2008-10-28,"CLE @ BOS","1610612738","1610612739","BOS","CLE","Boston Celtics","Cleveland Cavaliers",90,85,1610612739,"CLE","Cleveland",2760,"Anderson Varejao","Anderson",NA,NA,"0:43",0,0,0,0,0,0,0,0,0,0,0,0,0,0,0,0,0,0,-2,10700,11130
"0020800001","2008-09","Regular Season",2008-10-28,"CLE @ BOS","1610612738","1610612739","BOS","CLE","Boston Celtics","Cleveland Cavaliers",90,85,1610612739,"CLE","Cleveland",2562,"Sasha Pavlovic","Sasha",NA,NA,"0:43",1,1,1,0,0,0,0,0,0,0,0,0,0,0,0,0,0,2,-2,10700,11130
"0020800001","2008-09","Regular Season",2008-10-28,"CLE @ BOS","1610612738","1610612739","BOS","CLE","Boston Celtics","Cleveland Cavaliers",90,85,1610612738,"BOS","Boston",1718,"Paul Pierce","Paul","F",NA,"0:43",0,0,0,0,0,0,0,0,0,0,0,0,0,0,0,0,0,0,2,10700,11130
"0020800001","2008-09","Regular Season",2008-10-28,"CLE @ BOS","1610612738","1610612739","BOS","CLE","Boston Celtics","Cleveland Cavaliers",90,85,1610612738,"BOS","Boston",708,"Kevin Garnett","Kevin","F",NA,"0:43",0,0,0,0,0,0,0,0,0,0,0,0,0,0,0,0,0,0,2,10700,11130
"0020800001","2008-09","Regular Season",2008-10-28,"CLE @ BOS","1610612738","1610612739","BOS","CLE","Boston Celtics","Cleveland Cavaliers",90,85,1610612738,"BOS","Boston",951,"Ray Allen","Ray","G",NA,"0:43",0,0,0,0,0,0,0,0,0,0,0,0,0,0,0,0,0,0,2,10700,11130
"0020800001","2008-09","Regular Season",2008-10-28,"CLE @ BOS","1610612738","1610612739","BOS","CLE","Boston Celtics","Cleveland Cavaliers",90,85,1610612738,"BOS","Boston",200765,"Rajon Rondo","Rajon","G",NA,"0:43",0,0,0,0,0,0,2,2,1,0,0,0,1,0,0,0,0,2,2,10700,11130
"0020800001","2008-09","Regular Season",2008-10-28,"CLE @ BOS","1610612738","1610612739","BOS","CLE","Boston Celtics","Cleveland Cavaliers",90,85,1610612738,"BOS","Boston",201175,"Glen Davis","Glen",NA,NA,"0:43",1,1,1,0,0,0,0,0,0,0,0,0,0,0,0,0,0,2,2,10700,11130
"0020800001","2008-09","Regular Season",2008-10-28,"CLE @ BOS","1610612738","1610612739","BOS","CLE","Boston Celtics","Cleveland Cavaliers",90,85,1610612739,"CLE","Cleveland",2544,"LeBron James","LeBron","F",NA,"0:34",0,0,0,0,0,0,0,0,0,0,0,0,0,0,0,0,0,0,-1,11130,11470
"0020800001","2008-09","Regular Season",2008-10-28,"CLE @ BOS","1610612738","1610612739","BOS","CLE","Boston Celtics","Cleveland Cavaliers",90,85,1610612739,"CLE","Cleveland",1112,"Ben Wallace","Ben","F",NA,"0:34",0,0,0,0,0,0,0,0,0,0,0,0,0,0,0,1,0,0,-1,11130,11470
"0020800001","2008-09","Regular Season",2008-10-28,"CLE @ BOS","1610612738","1610612739","BOS","CLE","Boston Celtics","Cleveland Cavaliers",90,85,1610612739,"CLE","Cleveland",980,"Zydrunas Ilgauskas","Zydrunas","C",NA,"0:34",0,0,0,0,0,0,0,0,0,0,0,0,0,0,0,0,0,0,-1,11130,11470
"0020800001","2008-09","Regular Season",2008-10-28,"CLE @ BOS","1610612738","1610612739","BOS","CLE","Boston Celtics","Cleveland Cavaliers",90,85,1610612739,"CLE","Cleveland",2590,"Mo Williams","Mo","G",NA,"0:34",0,0,0,0,0,0,1,1,1,0,0,0,0,0,0,0,0,1,-1,11130,11470
"0020800001","2008-09","Regular Season",2008-10-28,"CLE @ BOS","1610612738","1610612739","BOS","CLE","Boston Celtics","Cleveland Cavaliers",90,85,1610612739,"CLE","Cleveland",2562,"Sasha Pavlovic","Sasha",NA,NA,"0:34",0,0,0,0,0,0,0,0,0,0,0,0,0,0,0,0,0,0,-1,11130,11470
"0020800001","2008-09","Regular Season",2008-10-28,"CLE @ BOS","1610612738","1610612739","BOS","CLE","Boston Celtics","Cleveland Cavaliers",90,85,1610612738,"BOS","Boston",1718,"Paul Pierce","Paul","F",NA,"0:34",0,0,0,0,0,0,0,0,0,0,0,0,0,0,0,0,0,0,1,11130,11470
"0020800001","2008-09","Regular Season",2008-10-28,"CLE @ BOS","1610612738","1610612739","BOS","CLE","Boston Celtics","Cleveland Cavaliers",90,85,1610612738,"BOS","Boston",708,"Kevin Garnett","Kevin","F",NA,"0:34",0,0,0,0,0,0,0,0,0,0,0,0,1,1,0,0,0,0,1,11130,11470
"0020800001","2008-09","Regular Season",2008-10-28,"CLE @ BOS","1610612738","1610612739","BOS","CLE","Boston Celtics","Cleveland Cavaliers",90,85,1610612738,"BOS","Boston",2570,"Kendrick Perkins","Kendrick","C",NA,"0:34",0,0,0,0,0,0,0,0,0,0,0,0,0,0,0,0,0,0,1,11130,11470
"0020800001","2008-09","Regular Season",2008-10-28,"CLE @ BOS","1610612738","1610612739","BOS","CLE","Boston Celtics","Cleveland Cavaliers",90,85,1610612738,"BOS","Boston",951,"Ray Allen","Ray","G",NA,"0:34",0,0,0,0,0,0,0,0,0,0,0,0,0,0,0,0,0,0,1,11130,11470
"0020800001","2008-09","Regular Season",2008-10-28,"CLE @ BOS","1610612738","1610612739","BOS","CLE","Boston Celtics","Cleveland Cavaliers",90,85,1610612738,"BOS","Boston",200765,"Rajon Rondo","Rajon","G",NA,"0:34",1,1,1,0,0,0,0,0,0,0,0,0,0,0,0,0,0,2,1,11130,11470
"0020800001","2008-09","Regular Season",2008-10-28,"CLE @ BOS","1610612738","1610612739","BOS","CLE","Boston Celtics","Cleveland Cavaliers",90,85,1610612739,"CLE","Cleveland",2544,"LeBron James","LeBron","F",NA,"1:57",0,1,0,0,0,0,0,0,0,0,0,0,0,0,0,0,1,0,0,11470,12640
"0020800001","2008-09","Regular Season",2008-10-28,"CLE @ BOS","1610612738","1610612739","BOS","CLE","Boston Celtics","Cleveland Cavaliers",90,85,1610612739,"CLE","Cleveland",1112,"Ben Wallace","Ben","F",NA,"1:57",0,0,0,0,0,0,0,0,0,0,1,1,0,0,0,0,1,0,0,11470,12640
"0020800001","2008-09","Regular Season",2008-10-28,"CLE @ BOS","1610612738","1610612739","BOS","CLE","Boston Celtics","Cleveland Cavaliers",90,85,1610612739,"CLE","Cleveland",980,"Zydrunas Ilgauskas","Zydrunas","C",NA,"1:57",0,1,0,0,0,0,2,2,1,1,0,1,0,0,0,0,0,2,0,11470,12640
"0020800001","2008-09","Regular Season",2008-10-28,"CLE @ BOS","1610612738","1610612739","BOS","CLE","Boston Celtics","Cleveland Cavaliers",90,85,1610612739,"CLE","Cleveland",2753,"Delonte West","Delonte","G",NA,"1:57",0,0,0,0,0,0,0,0,0,0,0,0,0,0,0,0,0,0,0,11470,12640
"0020800001","2008-09","Regular Season",2008-10-28,"CLE @ BOS","1610612738","1610612739","BOS","CLE","Boston Celtics","Cleveland Cavaliers",90,85,1610612739,"CLE","Cleveland",2590,"Mo Williams","Mo","G",NA,"1:57",0,1,0,0,1,0,0,0,0,0,1,1,0,0,0,1,0,0,0,11470,12640
"0020800001","2008-09","Regular Season",2008-10-28,"CLE @ BOS","1610612738","1610612739","BOS","CLE","Boston Celtics","Cleveland Cavaliers",90,85,1610612738,"BOS","Boston",1718,"Paul Pierce","Paul","F",NA,"1:57",0,1,0,0,1,0,1,2,0.5,0,0,0,0,0,0,0,0,1,0,11470,12640
"0020800001","2008-09","Regular Season",2008-10-28,"CLE @ BOS","1610612738","1610612739","BOS","CLE","Boston Celtics","Cleveland Cavaliers",90,85,1610612738,"BOS","Boston",708,"Kevin Garnett","Kevin","F",NA,"1:57",0,1,0,0,0,0,0,0,0,0,0,0,0,0,0,0,0,0,0,11470,12640
"0020800001","2008-09","Regular Season",2008-10-28,"CLE @ BOS","1610612738","1610612739","BOS","CLE","Boston Celtics","Cleveland Cavaliers",90,85,1610612738,"BOS","Boston",2570,"Kendrick Perkins","Kendrick","C",NA,"1:57",0,0,0,0,0,0,0,0,0,0,2,2,0,0,0,0,1,0,0,11470,12640
"0020800001","2008-09","Regular Season",2008-10-28,"CLE @ BOS","1610612738","1610612739","BOS","CLE","Boston Celtics","Cleveland Cavaliers",90,85,1610612738,"BOS","Boston",951,"Ray Allen","Ray","G",NA,"1:57",0,0,0,0,0,0,0,0,0,0,0,0,0,0,0,0,0,0,0,11470,12640
"0020800001","2008-09","Regular Season",2008-10-28,"CLE @ BOS","1610612738","1610612739","BOS","CLE","Boston Celtics","Cleveland Cavaliers",90,85,1610612738,"BOS","Boston",200765,"Rajon Rondo","Rajon","G",NA,"1:57",0,0,0,0,0,0,1,2,0.5,0,0,0,0,0,0,0,0,1,0,11470,12640
"0020800001","2008-09","Regular Season",2008-10-28,"CLE @ BOS","1610612738","1610612739","BOS","CLE","Boston Celtics","Cleveland Cavaliers",90,85,1610612739,"CLE","Cleveland",2544,"LeBron James","LeBron","F",NA,"2:08",1,1,1,0,0,0,2,2,1,0,0,0,0,0,0,0,0,4,-1,12640,13930
"0020800001","2008-09","Regular Season",2008-10-28,"CLE @ BOS","1610612738","1610612739","BOS","CLE","Boston Celtics","Cleveland Cavaliers",90,85,1610612739,"CLE","Cleveland",1112,"Ben Wallace","Ben","F",NA,"2:08",0,0,0,0,0,0,0,0,0,0,0,0,0,0,1,0,0,0,-1,12640,13930
"0020800001","2008-09","Regular Season",2008-10-28,"CLE @ BOS","1610612738","1610612739","BOS","CLE","Boston Celtics","Cleveland Cavaliers",90,85,1610612739,"CLE","Cleveland",980,"Zydrunas Ilgauskas","Zydrunas","C",NA,"2:08",0,0,0,0,0,0,0,0,0,0,0,0,0,0,0,0,0,0,-1,12640,13930
"0020800001","2008-09","Regular Season",2008-10-28,"CLE @ BOS","1610612738","1610612739","BOS","CLE","Boston Celtics","Cleveland Cavaliers",90,85,1610612739,"CLE","Cleveland",2753,"Delonte West","Delonte","G",NA,"2:08",1,1,1,0,0,0,0,0,0,0,0,0,1,0,0,0,0,2,-1,12640,13930
"0020800001","2008-09","Regular Season",2008-10-28,"CLE @ BOS","1610612738","1610612739","BOS","CLE","Boston Celtics","Cleveland Cavaliers",90,85,1610612739,"CLE","Cleveland",2590,"Mo Williams","Mo","G",NA,"2:08",0,0,0,0,0,0,0,0,0,0,0,0,0,0,0,0,1,0,-1,12640,13930
"0020800001","2008-09","Regular Season",2008-10-28,"CLE @ BOS","1610612738","1610612739","BOS","CLE","Boston Celtics","Cleveland Cavaliers",90,85,1610612738,"BOS","Boston",1718,"Paul Pierce","Paul","F",NA,"2:08",1,1,1,0,0,0,0,0,0,1,0,1,1,0,0,0,0,2,1,12640,13930
"0020800001","2008-09","Regular Season",2008-10-28,"CLE @ BOS","1610612738","1610612739","BOS","CLE","Boston Celtics","Cleveland Cavaliers",90,85,1610612738,"BOS","Boston",708,"Kevin Garnett","Kevin","F",NA,"2:08",0,1,0,0,0,0,0,0,0,0,0,0,0,0,0,0,0,0,1,12640,13930
"0020800001","2008-09","Regular Season",2008-10-28,"CLE @ BOS","1610612738","1610612739","BOS","CLE","Boston Celtics","Cleveland Cavaliers",90,85,1610612738,"BOS","Boston",951,"Ray Allen","Ray","G",NA,"2:08",1,1,1,0,0,0,0,0,0,0,0,0,0,0,0,0,0,2,1,12640,13930
"0020800001","2008-09","Regular Season",2008-10-28,"CLE @ BOS","1610612738","1610612739","BOS","CLE","Boston Celtics","Cleveland Cavaliers",90,85,1610612738,"BOS","Boston",200765,"Rajon Rondo","Rajon","G",NA,"2:08",1,1,1,0,0,0,1,2,0.5,0,0,0,0,0,0,0,0,3,1,12640,13930
"0020800001","2008-09","Regular Season",2008-10-28,"CLE @ BOS","1610612738","1610612739","BOS","CLE","Boston Celtics","Cleveland Cavaliers",90,85,1610612738,"BOS","Boston",201175,"Glen Davis","Glen",NA,NA,"2:08",0,0,0,0,0,0,0,0,0,0,0,0,1,0,0,0,1,0,1,12640,13930
"0020800001","2008-09","Regular Season",2008-10-28,"CLE @ BOS","1610612738","1610612739","BOS","CLE","Boston Celtics","Cleveland Cavaliers",90,85,1610612739,"CLE","Cleveland",1112,"Ben Wallace","Ben","F",NA,"0:48",0,0,0,0,0,0,0,0,0,0,0,0,0,0,0,0,0,0,0,13930,14400
"0020800001","2008-09","Regular Season",2008-10-28,"CLE @ BOS","1610612738","1610612739","BOS","CLE","Boston Celtics","Cleveland Cavaliers",90,85,1610612739,"CLE","Cleveland",980,"Zydrunas Ilgauskas","Zydrunas","C",NA,"0:48",0,0,0,0,0,0,0,0,0,0,0,0,0,0,0,0,0,0,0,13930,14400
"0020800001","2008-09","Regular Season",2008-10-28,"CLE @ BOS","1610612738","1610612739","BOS","CLE","Boston Celtics","Cleveland Cavaliers",90,85,1610612739,"CLE","Cleveland",2753,"Delonte West","Delonte","G",NA,"0:48",0,0,0,0,0,0,0,0,0,0,0,0,0,0,0,0,0,0,0,13930,14400
"0020800001","2008-09","Regular Season",2008-10-28,"CLE @ BOS","1610612738","1610612739","BOS","CLE","Boston Celtics","Cleveland Cavaliers",90,85,1610612739,"CLE","Cleveland",200789,"Daniel Gibson","Daniel",NA,NA,"0:48",0,0,0,0,0,0,0,0,0,0,0,0,0,0,0,0,0,0,0,13930,14400
"0020800001","2008-09","Regular Season",2008-10-28,"CLE @ BOS","1610612738","1610612739","BOS","CLE","Boston Celtics","Cleveland Cavaliers",90,85,1610612739,"CLE","Cleveland",2562,"Sasha Pavlovic","Sasha",NA,NA,"0:48",0,1,0,0,1,0,0,0,0,0,0,0,0,0,0,0,0,0,0,13930,14400
"0020800001","2008-09","Regular Season",2008-10-28,"CLE @ BOS","1610612738","1610612739","BOS","CLE","Boston Celtics","Cleveland Cavaliers",90,85,1610612738,"BOS","Boston",1718,"Paul Pierce","Paul","F",NA,"0:48",0,0,0,0,0,0,0,0,0,0,0,0,0,0,0,0,0,0,0,13930,14400
"0020800001","2008-09","Regular Season",2008-10-28,"CLE @ BOS","1610612738","1610612739","BOS","CLE","Boston Celtics","Cleveland Cavaliers",90,85,1610612738,"BOS","Boston",708,"Kevin Garnett","Kevin","F",NA,"0:48",0,1,0,0,0,0,0,0,0,0,1,1,0,0,0,0,0,0,0,13930,14400
"0020800001","2008-09","Regular Season",2008-10-28,"CLE @ BOS","1610612738","1610612739","BOS","CLE","Boston Celtics","Cleveland Cavaliers",90,85,1610612738,"BOS","Boston",951,"Ray Allen","Ray","G",NA,"0:48",0,0,0,0,0,0,0,0,0,0,0,0,0,0,0,0,0,0,0,13930,14400
"0020800001","2008-09","Regular Season",2008-10-28,"CLE @ BOS","1610612738","1610612739","BOS","CLE","Boston Celtics","Cleveland Cavaliers",90,85,1610612738,"BOS","Boston",200765,"Rajon Rondo","Rajon","G",NA,"0:48",0,0,0,0,0,0,0,0,0,0,0,0,0,0,0,0,0,0,0,13930,14400
"0020800001","2008-09","Regular Season",2008-10-28,"CLE @ BOS","1610612738","1610612739","BOS","CLE","Boston Celtics","Cleveland Cavaliers",90,85,1610612738,"BOS","Boston",201175,"Glen Davis","Glen",NA,NA,"0:48",0,0,0,0,0,0,0,0,0,0,0,0,0,0,0,0,0,0,0,13930,14400
"0020800001","2008-09","Regular Season",2008-10-28,"CLE @ BOS","1610612738","1610612739","BOS","CLE","Boston Celtics","Cleveland Cavaliers",90,85,1610612739,"CLE","Cleveland",2544,"LeBron James","LeBron","F",NA,"5:50",0,2,0,0,0,0,0,0,0,0,0,0,1,0,0,0,1,0,-5,14400,17900
"0020800001","2008-09","Regular Season",2008-10-28,"CLE @ BOS","1610612738","1610612739","BOS","CLE","Boston Celtics","Cleveland Cavaliers",90,85,1610612739,"CLE","Cleveland",1112,"Ben Wallace","Ben","F",NA,"5:50",1,1,1,0,0,0,0,0,0,0,1,1,0,0,0,0,1,2,-5,14400,17900
"0020800001","2008-09","Regular Season",2008-10-28,"CLE @ BOS","1610612738","1610612739","BOS","CLE","Boston Celtics","Cleveland Cavaliers",90,85,1610612739,"CLE","Cleveland",980,"Zydrunas Ilgauskas","Zydrunas","C",NA,"5:50",1,1,1,0,0,0,0,0,0,0,2,2,0,0,0,2,0,2,-5,14400,17900
"0020800001","2008-09","Regular Season",2008-10-28,"CLE @ BOS","1610612738","1610612739","BOS","CLE","Boston Celtics","Cleveland Cavaliers",90,85,1610612739,"CLE","Cleveland",2753,"Delonte West","Delonte","G",NA,"5:50",0,2,0,0,1,0,0,0,0,0,0,0,0,0,0,0,0,0,-5,14400,17900
"0020800001","2008-09","Regular Season",2008-10-28,"CLE @ BOS","1610612738","1610612739","BOS","CLE","Boston Celtics","Cleveland Cavaliers",90,85,1610612739,"CLE","Cleveland",2590,"Mo Williams","Mo","G",NA,"5:50",1,2,0.5,1,1,1,0,0,0,0,0,0,0,0,0,0,1,3,-5,14400,17900
"0020800001","2008-09","Regular Season",2008-10-28,"CLE @ BOS","1610612738","1610612739","BOS","CLE","Boston Celtics","Cleveland Cavaliers",90,85,1610612738,"BOS","Boston",1718,"Paul Pierce","Paul","F",NA,"5:50",1,2,0.5,1,1,1,2,2,1,0,1,1,0,0,0,1,1,5,5,14400,17900
"0020800001","2008-09","Regular Season",2008-10-28,"CLE @ BOS","1610612738","1610612739","BOS","CLE","Boston Celtics","Cleveland Cavaliers",90,85,1610612738,"BOS","Boston",708,"Kevin Garnett","Kevin","F",NA,"5:50",0,2,0,0,0,0,0,0,0,1,1,2,1,0,0,1,0,0,5,14400,17900
"0020800001","2008-09","Regular Season",2008-10-28,"CLE @ BOS","1610612738","1610612739","BOS","CLE","Boston Celtics","Cleveland Cavaliers",90,85,1610612738,"BOS","Boston",2570,"Kendrick Perkins","Kendrick","C",NA,"5:50",1,1,1,0,0,0,0,0,0,1,1,2,0,0,0,0,0,2,5,14400,17900
"0020800001","2008-09","Regular Season",2008-10-28,"CLE @ BOS","1610612738","1610612739","BOS","CLE","Boston Celtics","Cleveland Cavaliers",90,85,1610612738,"BOS","Boston",951,"Ray Allen","Ray","G",NA,"5:50",1,2,0.5,1,1,1,0,0,0,0,0,0,1,0,0,0,0,3,5,14400,17900
"0020800001","2008-09","Regular Season",2008-10-28,"CLE @ BOS","1610612738","1610612739","BOS","CLE","Boston Celtics","Cleveland Cavaliers",90,85,1610612738,"BOS","Boston",200765,"Rajon Rondo","Rajon","G",NA,"5:50",1,1,1,0,0,0,0,2,0,0,2,2,1,0,0,0,0,2,5,14400,17900
"0020800001","2008-09","Regular Season",2008-10-28,"CLE @ BOS","1610612738","1610612739","BOS","CLE","Boston Celtics","Cleveland Cavaliers",90,85,1610612739,"CLE","Cleveland",2544,"LeBron James","LeBron","F",NA,"1:43",1,1,1,0,0,0,0,0,0,0,0,0,0,0,0,0,0,2,-2,17900,18930
"0020800001","2008-09","Regular Season",2008-10-28,"CLE @ BOS","1610612738","1610612739","BOS","CLE","Boston Celtics","Cleveland Cavaliers",90,85,1610612739,"CLE","Cleveland",980,"Zydrunas Ilgauskas","Zydrunas","C",NA,"1:43",0,0,0,0,0,0,0,0,0,0,0,0,0,0,0,0,0,0,-2,17900,18930
"0020800001","2008-09","Regular Season",2008-10-28,"CLE @ BOS","1610612738","1610612739","BOS","CLE","Boston Celtics","Cleveland Cavaliers",90,85,1610612739,"CLE","Cleveland",2753,"Delonte West","Delonte","G",NA,"1:43",0,0,0,0,0,0,0,0,0,0,0,0,0,0,0,0,0,0,-2,17900,18930
"0020800001","2008-09","Regular Season",2008-10-28,"CLE @ BOS","1610612738","1610612739","BOS","CLE","Boston Celtics","Cleveland Cavaliers",90,85,1610612739,"CLE","Cleveland",2590,"Mo Williams","Mo","G",NA,"1:43",0,0,0,0,0,0,0,0,0,0,0,0,0,0,0,1,0,0,-2,17900,18930
"0020800001","2008-09","Regular Season",2008-10-28,"CLE @ BOS","1610612738","1610612739","BOS","CLE","Boston Celtics","Cleveland Cavaliers",90,85,1610612739,"CLE","Cleveland",1887,"Wally Szczerbiak","Wally",NA,NA,"1:43",0,0,0,0,0,0,0,0,0,0,0,0,0,0,0,0,1,0,-2,17900,18930
"0020800001","2008-09","Regular Season",2008-10-28,"CLE @ BOS","1610612738","1610612739","BOS","CLE","Boston Celtics","Cleveland Cavaliers",90,85,1610612738,"BOS","Boston",1718,"Paul Pierce","Paul","F",NA,"1:43",0,0,0,0,0,0,0,0,0,0,0,0,1,0,0,0,0,0,2,17900,18930
"0020800001","2008-09","Regular Season",2008-10-28,"CLE @ BOS","1610612738","1610612739","BOS","CLE","Boston Celtics","Cleveland Cavaliers",90,85,1610612738,"BOS","Boston",708,"Kevin Garnett","Kevin","F",NA,"1:43",1,1,1,0,0,0,0,0,0,0,0,0,0,0,0,0,0,2,2,17900,18930
"0020800001","2008-09","Regular Season",2008-10-28,"CLE @ BOS","1610612738","1610612739","BOS","CLE","Boston Celtics","Cleveland Cavaliers",90,85,1610612738,"BOS","Boston",951,"Ray Allen","Ray","G",NA,"1:43",0,0,0,0,0,0,0,0,0,0,0,0,0,0,0,0,0,0,2,17900,18930
"0020800001","2008-09","Regular Season",2008-10-28,"CLE @ BOS","1610612738","1610612739","BOS","CLE","Boston Celtics","Cleveland Cavaliers",90,85,1610612738,"BOS","Boston",200765,"Rajon Rondo","Rajon","G",NA,"1:43",0,0,0,0,0,0,0,0,0,0,0,0,1,1,0,0,0,0,2,17900,18930
"0020800001","2008-09","Regular Season",2008-10-28,"CLE @ BOS","1610612738","1610612739","BOS","CLE","Boston Celtics","Cleveland Cavaliers",90,85,1610612738,"BOS","Boston",200796,"Leon Powe","Leon",NA,NA,"1:43",1,1,1,0,0,0,0,0,0,0,0,0,0,0,0,1,0,2,2,17900,18930
"0020800001","2008-09","Regular Season",2008-10-28,"CLE @ BOS","1610612738","1610612739","BOS","CLE","Boston Celtics","Cleveland Cavaliers",90,85,1610612739,"CLE","Cleveland",2544,"LeBron James","LeBron","F",NA,"1:02",1,1,1,0,0,0,0,0,0,0,1,1,0,0,0,0,0,2,2,18930,19550
"0020800001","2008-09","Regular Season",2008-10-28,"CLE @ BOS","1610612738","1610612739","BOS","CLE","Boston Celtics","Cleveland Cavaliers",90,85,1610612739,"CLE","Cleveland",2753,"Delonte West","Delonte","G",NA,"1:02",0,0,0,0,0,0,0,0,0,0,0,0,0,0,0,0,0,0,2,18930,19550
"0020800001","2008-09","Regular Season",2008-10-28,"CLE @ BOS","1610612738","1610612739","BOS","CLE","Boston Celtics","Cleveland Cavaliers",90,85,1610612739,"CLE","Cleveland",2590,"Mo Williams","Mo","G",NA,"1:02",0,0,0,0,0,0,0,0,0,0,0,0,0,0,0,0,0,0,2,18930,19550
"0020800001","2008-09","Regular Season",2008-10-28,"CLE @ BOS","1610612738","1610612739","BOS","CLE","Boston Celtics","Cleveland Cavaliers",90,85,1610612739,"CLE","Cleveland",1887,"Wally Szczerbiak","Wally",NA,NA,"1:02",0,0,0,0,0,0,0,0,0,0,0,0,0,0,0,1,0,0,2,18930,19550
"0020800001","2008-09","Regular Season",2008-10-28,"CLE @ BOS","1610612738","1610612739","BOS","CLE","Boston Celtics","Cleveland Cavaliers",90,85,1610612739,"CLE","Cleveland",2760,"Anderson Varejao","Anderson",NA,NA,"1:02",0,0,0,0,0,0,0,0,0,0,0,0,0,0,0,0,0,0,2,18930,19550
"0020800001","2008-09","Regular Season",2008-10-28,"CLE @ BOS","1610612738","1610612739","BOS","CLE","Boston Celtics","Cleveland Cavaliers",90,85,1610612738,"BOS","Boston",1718,"Paul Pierce","Paul","F",NA,"1:02",0,0,0,0,0,0,0,0,0,0,0,0,0,0,0,0,0,0,-2,18930,19550
"0020800001","2008-09","Regular Season",2008-10-28,"CLE @ BOS","1610612738","1610612739","BOS","CLE","Boston Celtics","Cleveland Cavaliers",90,85,1610612738,"BOS","Boston",708,"Kevin Garnett","Kevin","F",NA,"1:02",0,2,0,0,0,0,0,0,0,0,0,0,0,0,0,0,0,0,-2,18930,19550
"0020800001","2008-09","Regular Season",2008-10-28,"CLE @ BOS","1610612738","1610612739","BOS","CLE","Boston Celtics","Cleveland Cavaliers",90,85,1610612738,"BOS","Boston",951,"Ray Allen","Ray","G",NA,"1:02",0,0,0,0,0,0,0,0,0,0,0,0,0,1,0,0,0,0,-2,18930,19550
"0020800001","2008-09","Regular Season",2008-10-28,"CLE @ BOS","1610612738","1610612739","BOS","CLE","Boston Celtics","Cleveland Cavaliers",90,85,1610612738,"BOS","Boston",200765,"Rajon Rondo","Rajon","G",NA,"1:02",0,0,0,0,0,0,0,0,0,0,0,0,0,0,0,0,0,0,-2,18930,19550
"0020800001","2008-09","Regular Season",2008-10-28,"CLE @ BOS","1610612738","1610612739","BOS","CLE","Boston Celtics","Cleveland Cavaliers",90,85,1610612738,"BOS","Boston",200796,"Leon Powe","Leon",NA,NA,"1:02",0,0,0,0,0,0,0,0,0,0,0,0,0,0,0,0,0,0,-2,18930,19550
"0020800001","2008-09","Regular Season",2008-10-28,"CLE @ BOS","1610612738","1610612739","BOS","CLE","Boston Celtics","Cleveland Cavaliers",90,85,1610612739,"CLE","Cleveland",2544,"LeBron James","LeBron","F",NA,"1:58",1,1,1,0,0,0,0,0,0,0,1,1,0,0,0,0,1,2,-5,19550,20730
"0020800001","2008-09","Regular Season",2008-10-28,"CLE @ BOS","1610612738","1610612739","BOS","CLE","Boston Celtics","Cleveland Cavaliers",90,85,1610612739,"CLE","Cleveland",2753,"Delonte West","Delonte","G",NA,"1:58",0,0,0,0,0,0,0,0,0,0,0,0,0,0,0,0,0,0,-5,19550,20730
"0020800001","2008-09","Regular Season",2008-10-28,"CLE @ BOS","1610612738","1610612739","BOS","CLE","Boston Celtics","Cleveland Cavaliers",90,85,1610612739,"CLE","Cleveland",1887,"Wally Szczerbiak","Wally",NA,NA,"1:58",0,1,0,0,1,0,0,0,0,0,0,0,0,0,0,0,1,0,-5,19550,20730
"0020800001","2008-09","Regular Season",2008-10-28,"CLE @ BOS","1610612738","1610612739","BOS","CLE","Boston Celtics","Cleveland Cavaliers",90,85,1610612739,"CLE","Cleveland",200789,"Daniel Gibson","Daniel",NA,NA,"1:58",0,1,0,0,1,0,0,0,0,0,0,0,1,0,0,0,0,0,-5,19550,20730
"0020800001","2008-09","Regular Season",2008-10-28,"CLE @ BOS","1610612738","1610612739","BOS","CLE","Boston Celtics","Cleveland Cavaliers",90,85,1610612739,"CLE","Cleveland",2760,"Anderson Varejao","Anderson",NA,NA,"1:58",0,1,0,0,0,0,0,0,0,0,0,0,0,0,0,0,0,0,-5,19550,20730
"0020800001","2008-09","Regular Season",2008-10-28,"CLE @ BOS","1610612738","1610612739","BOS","CLE","Boston Celtics","Cleveland Cavaliers",90,85,1610612738,"BOS","Boston",1718,"Paul Pierce","Paul","F",NA,"1:58",2,2,1,1,1,1,0,0,0,0,0,0,0,0,0,0,0,5,5,19550,20730
"0020800001","2008-09","Regular Season",2008-10-28,"CLE @ BOS","1610612738","1610612739","BOS","CLE","Boston Celtics","Cleveland Cavaliers",90,85,1610612738,"BOS","Boston",708,"Kevin Garnett","Kevin","F",NA,"1:58",0,0,0,0,0,0,0,2,0,0,1,1,0,0,0,0,0,0,5,19550,20730
"0020800001","2008-09","Regular Season",2008-10-28,"CLE @ BOS","1610612738","1610612739","BOS","CLE","Boston Celtics","Cleveland Cavaliers",90,85,1610612738,"BOS","Boston",951,"Ray Allen","Ray","G",NA,"1:58",0,0,0,0,0,0,0,0,0,0,0,0,0,0,0,0,0,0,5,19550,20730
"0020800001","2008-09","Regular Season",2008-10-28,"CLE @ BOS","1610612738","1610612739","BOS","CLE","Boston Celtics","Cleveland Cavaliers",90,85,1610612738,"BOS","Boston",200765,"Rajon Rondo","Rajon","G",NA,"1:58",0,0,0,0,0,0,0,0,0,0,1,1,1,0,0,0,0,0,5,19550,20730
"0020800001","2008-09","Regular Season",2008-10-28,"CLE @ BOS","1610612738","1610612739","BOS","CLE","Boston Celtics","Cleveland Cavaliers",90,85,1610612738,"BOS","Boston",200796,"Leon Powe","Leon",NA,NA,"1:58",0,0,0,0,0,0,2,2,1,0,0,0,0,0,0,0,1,2,5,19550,20730
"0020800001","2008-09","Regular Season",2008-10-28,"CLE @ BOS","1610612738","1610612739","BOS","CLE","Boston Celtics","Cleveland Cavaliers",90,85,1610612739,"CLE","Cleveland",1887,"Wally Szczerbiak","Wally",NA,NA,"0:26",0,0,0,0,0,0,0,0,0,0,0,0,0,0,0,0,0,0,-1,20730,20990
"0020800001","2008-09","Regular Season",2008-10-28,"CLE @ BOS","1610612738","1610612739","BOS","CLE","Boston Celtics","Cleveland Cavaliers",90,85,1610612739,"CLE","Cleveland",200789,"Daniel Gibson","Daniel",NA,NA,"0:26",0,1,0,0,0,0,0,0,0,0,0,0,0,0,0,0,0,0,-1,20730,20990
"0020800001","2008-09","Regular Season",2008-10-28,"CLE @ BOS","1610612738","1610612739","BOS","CLE","Boston Celtics","Cleveland Cavaliers",90,85,1610612739,"CLE","Cleveland",2760,"Anderson Varejao","Anderson",NA,NA,"0:26",0,0,0,0,0,0,0,0,0,0,0,0,0,0,0,0,1,0,-1,20730,20990
"0020800001","2008-09","Regular Season",2008-10-28,"CLE @ BOS","1610612738","1610612739","BOS","CLE","Boston Celtics","Cleveland Cavaliers",90,85,1610612739,"CLE","Cleveland",2562,"Sasha Pavlovic","Sasha",NA,NA,"0:26",0,0,0,0,0,0,0,0,0,0,0,0,0,0,0,0,0,0,-1,20730,20990
"0020800001","2008-09","Regular Season",2008-10-28,"CLE @ BOS","1610612738","1610612739","BOS","CLE","Boston Celtics","Cleveland Cavaliers",90,85,1610612739,"CLE","Cleveland",953,"Lorenzen Wright","Lorenzen",NA,NA,"0:26",0,0,0,0,0,0,0,0,0,0,0,0,0,0,0,0,0,0,-1,20730,20990
"0020800001","2008-09","Regular Season",2008-10-28,"CLE @ BOS","1610612738","1610612739","BOS","CLE","Boston Celtics","Cleveland Cavaliers",90,85,1610612738,"BOS","Boston",1718,"Paul Pierce","Paul","F",NA,"0:26",0,0,0,0,0,0,1,2,0.5,0,1,1,0,0,0,0,0,1,1,20730,20990
"0020800001","2008-09","Regular Season",2008-10-28,"CLE @ BOS","1610612738","1610612739","BOS","CLE","Boston Celtics","Cleveland Cavaliers",90,85,1610612738,"BOS","Boston",200765,"Rajon Rondo","Rajon","G",NA,"0:26",0,0,0,0,0,0,0,0,0,0,0,0,0,0,0,0,0,0,1,20730,20990
"0020800001","2008-09","Regular Season",2008-10-28,"CLE @ BOS","1610612738","1610612739","BOS","CLE","Boston Celtics","Cleveland Cavaliers",90,85,1610612738,"BOS","Boston",2754,"Tony Allen","Tony",NA,NA,"0:26",0,0,0,0,0,0,0,0,0,0,0,0,0,0,0,0,0,0,1,20730,20990
"0020800001","2008-09","Regular Season",2008-10-28,"CLE @ BOS","1610612738","1610612739","BOS","CLE","Boston Celtics","Cleveland Cavaliers",90,85,1610612738,"BOS","Boston",200796,"Leon Powe","Leon",NA,NA,"0:26",0,0,0,0,0,0,0,0,0,0,0,0,0,0,0,0,0,0,1,20730,20990
"0020800001","2008-09","Regular Season",2008-10-28,"CLE @ BOS","1610612738","1610612739","BOS","CLE","Boston Celtics","Cleveland Cavaliers",90,85,1610612738,"BOS","Boston",201175,"Glen Davis","Glen",NA,NA,"0:26",0,0,0,0,0,0,0,0,0,0,0,0,0,0,0,0,0,0,1,20730,20990
"0020800001","2008-09","Regular Season",2008-10-28,"CLE @ BOS","1610612738","1610612739","BOS","CLE","Boston Celtics","Cleveland Cavaliers",90,85,1610612739,"CLE","Cleveland",2753,"Delonte West","Delonte","G",NA,"0:42",0,0,0,0,0,0,0,0,0,0,0,0,0,0,0,0,0,0,0,20990,21420
"0020800001","2008-09","Regular Season",2008-10-28,"CLE @ BOS","1610612738","1610612739","BOS","CLE","Boston Celtics","Cleveland Cavaliers",90,85,1610612739,"CLE","Cleveland",200789,"Daniel Gibson","Daniel",NA,NA,"0:42",0,1,0,0,0,0,0,0,0,0,0,0,0,0,0,0,0,0,0,20990,21420
"0020800001","2008-09","Regular Season",2008-10-28,"CLE @ BOS","1610612738","1610612739","BOS","CLE","Boston Celtics","Cleveland Cavaliers",90,85,1610612739,"CLE","Cleveland",2760,"Anderson Varejao","Anderson",NA,NA,"0:42",0,0,0,0,0,0,0,0,0,0,0,0,0,0,0,0,0,0,0,20990,21420
"0020800001","2008-09","Regular Season",2008-10-28,"CLE @ BOS","1610612738","1610612739","BOS","CLE","Boston Celtics","Cleveland Cavaliers",90,85,1610612739,"CLE","Cleveland",2562,"Sasha Pavlovic","Sasha",NA,NA,"0:42",0,0,0,0,0,0,0,0,0,0,0,0,0,0,0,0,0,0,0,20990,21420
"0020800001","2008-09","Regular Season",2008-10-28,"CLE @ BOS","1610612738","1610612739","BOS","CLE","Boston Celtics","Cleveland Cavaliers",90,85,1610612739,"CLE","Cleveland",953,"Lorenzen Wright","Lorenzen",NA,NA,"0:42",0,0,0,0,0,0,0,0,0,0,0,0,0,0,0,0,0,0,0,20990,21420
"0020800001","2008-09","Regular Season",2008-10-28,"CLE @ BOS","1610612738","1610612739","BOS","CLE","Boston Celtics","Cleveland Cavaliers",90,85,1610612738,"BOS","Boston",1718,"Paul Pierce","Paul","F",NA,"0:42",0,0,0,0,0,0,0,0,0,0,0,0,0,0,0,0,0,0,0,20990,21420
"0020800001","2008-09","Regular Season",2008-10-28,"CLE @ BOS","1610612738","1610612739","BOS","CLE","Boston Celtics","Cleveland Cavaliers",90,85,1610612738,"BOS","Boston",200765,"Rajon Rondo","Rajon","G",NA,"0:42",0,0,0,0,0,0,0,0,0,0,0,0,0,0,0,1,2,0,0,20990,21420
"0020800001","2008-09","Regular Season",2008-10-28,"CLE @ BOS","1610612738","1610612739","BOS","CLE","Boston Celtics","Cleveland Cavaliers",90,85,1610612738,"BOS","Boston",2754,"Tony Allen","Tony",NA,NA,"0:42",0,0,0,0,0,0,0,0,0,0,0,0,0,0,0,0,0,0,0,20990,21420
"0020800001","2008-09","Regular Season",2008-10-28,"CLE @ BOS","1610612738","1610612739","BOS","CLE","Boston Celtics","Cleveland Cavaliers",90,85,1610612738,"BOS","Boston",200796,"Leon Powe","Leon",NA,NA,"0:42",0,0,0,0,0,0,0,0,0,0,0,0,0,0,0,0,0,0,0,20990,21420
"0020800001","2008-09","Regular Season",2008-10-28,"CLE @ BOS","1610612738","1610612739","BOS","CLE","Boston Celtics","Cleveland Cavaliers",90,85,1610612738,"BOS","Boston",201175,"Glen Davis","Glen",NA,NA,"0:42",0,0,0,0,0,0,0,0,0,0,1,1,0,0,0,0,0,0,0,20990,21420
"0020800001","2008-09","Regular Season",2008-10-28,"CLE @ BOS","1610612738","1610612739","BOS","CLE","Boston Celtics","Cleveland Cavaliers",90,85,1610612739,"CLE","Cleveland",2753,"Delonte West","Delonte","G",NA,"0:19",0,0,0,0,0,0,0,0,0,0,0,0,0,0,0,0,0,0,0,21420,21600
"0020800001","2008-09","Regular Season",2008-10-28,"CLE @ BOS","1610612738","1610612739","BOS","CLE","Boston Celtics","Cleveland Cavaliers",90,85,1610612739,"CLE","Cleveland",200789,"Daniel Gibson","Daniel",NA,NA,"0:19",0,0,0,0,0,0,0,0,0,0,0,0,0,0,0,0,0,0,0,21420,21600
"0020800001","2008-09","Regular Season",2008-10-28,"CLE @ BOS","1610612738","1610612739","BOS","CLE","Boston Celtics","Cleveland Cavaliers",90,85,1610612739,"CLE","Cleveland",2760,"Anderson Varejao","Anderson",NA,NA,"0:19",0,0,0,0,0,0,0,0,0,0,0,0,0,0,0,0,0,0,0,21420,21600
"0020800001","2008-09","Regular Season",2008-10-28,"CLE @ BOS","1610612738","1610612739","BOS","CLE","Boston Celtics","Cleveland Cavaliers",90,85,1610612739,"CLE","Cleveland",2562,"Sasha Pavlovic","Sasha",NA,NA,"0:19",0,0,0,0,0,0,0,0,0,0,0,0,0,0,0,0,0,0,0,21420,21600
"0020800001","2008-09","Regular Season",2008-10-28,"CLE @ BOS","1610612738","1610612739","BOS","CLE","Boston Celtics","Cleveland Cavaliers",90,85,1610612739,"CLE","Cleveland",953,"Lorenzen Wright","Lorenzen",NA,NA,"0:19",0,1,0,0,0,0,0,0,0,0,0,0,0,0,0,0,0,0,0,21420,21600
"0020800001","2008-09","Regular Season",2008-10-28,"CLE @ BOS","1610612738","1610612739","BOS","CLE","Boston Celtics","Cleveland Cavaliers",90,85,1610612738,"BOS","Boston",1718,"Paul Pierce","Paul","F",NA,"0:19",0,0,0,0,0,0,0,0,0,0,0,0,0,0,0,0,0,0,0,21420,21600
"0020800001","2008-09","Regular Season",2008-10-28,"CLE @ BOS","1610612738","1610612739","BOS","CLE","Boston Celtics","Cleveland Cavaliers",90,85,1610612738,"BOS","Boston",2067,"Eddie House","Eddie",NA,NA,"0:19",0,0,0,0,0,0,0,0,0,0,0,0,0,0,0,0,0,0,0,21420,21600
"0020800001","2008-09","Regular Season",2008-10-28,"CLE @ BOS","1610612738","1610612739","BOS","CLE","Boston Celtics","Cleveland Cavaliers",90,85,1610612738,"BOS","Boston",2754,"Tony Allen","Tony",NA,NA,"0:19",0,1,0,0,1,0,0,0,0,0,1,1,0,0,0,0,0,0,0,21420,21600
"0020800001","2008-09","Regular Season",2008-10-28,"CLE @ BOS","1610612738","1610612739","BOS","CLE","Boston Celtics","Cleveland Cavaliers",90,85,1610612738,"BOS","Boston",200796,"Leon Powe","Leon",NA,NA,"0:19",0,0,0,0,0,0,0,0,0,0,0,0,0,0,0,0,0,0,0,21420,21600
"0020800001","2008-09","Regular Season",2008-10-28,"CLE @ BOS","1610612738","1610612739","BOS","CLE","Boston Celtics","Cleveland Cavaliers",90,85,1610612738,"BOS","Boston",201175,"Glen Davis","Glen",NA,NA,"0:19",0,0,0,0,0,0,0,0,0,0,0,0,0,0,0,0,0,0,0,21420,21600
"0020800001","2008-09","Regular Season",2008-10-28,"CLE @ BOS","1610612738","1610612739","BOS","CLE","Boston Celtics","Cleveland Cavaliers",90,85,1610612739,"CLE","Cleveland",2753,"Delonte West","Delonte","G",NA,"2:27",0,0,0,0,0,0,0,0,0,0,0,0,0,0,0,0,0,0,-2,21600,23070
"0020800001","2008-09","Regular Season",2008-10-28,"CLE @ BOS","1610612738","1610612739","BOS","CLE","Boston Celtics","Cleveland Cavaliers",90,85,1610612739,"CLE","Cleveland",200789,"Daniel Gibson","Daniel",NA,NA,"2:27",0,1,0,0,1,0,0,0,0,0,1,1,0,0,0,0,0,0,-2,21600,23070
"0020800001","2008-09","Regular Season",2008-10-28,"CLE @ BOS","1610612738","1610612739","BOS","CLE","Boston Celtics","Cleveland Cavaliers",90,85,1610612739,"CLE","Cleveland",2760,"Anderson Varejao","Anderson",NA,NA,"2:27",0,0,0,0,0,0,0,0,0,0,2,2,0,0,0,1,0,0,-2,21600,23070
"0020800001","2008-09","Regular Season",2008-10-28,"CLE @ BOS","1610612738","1610612739","BOS","CLE","Boston Celtics","Cleveland Cavaliers",90,85,1610612739,"CLE","Cleveland",2562,"Sasha Pavlovic","Sasha",NA,NA,"2:27",2,2,1,0,0,0,1,2,0.5,0,0,0,0,0,0,0,0,5,-2,21600,23070
"0020800001","2008-09","Regular Season",2008-10-28,"CLE @ BOS","1610612738","1610612739","BOS","CLE","Boston Celtics","Cleveland Cavaliers",90,85,1610612739,"CLE","Cleveland",953,"Lorenzen Wright","Lorenzen",NA,NA,"2:27",0,0,0,0,0,0,0,0,0,0,0,0,0,0,0,1,3,0,-2,21600,23070
"0020800001","2008-09","Regular Season",2008-10-28,"CLE @ BOS","1610612738","1610612739","BOS","CLE","Boston Celtics","Cleveland Cavaliers",90,85,1610612738,"BOS","Boston",1718,"Paul Pierce","Paul","F",NA,"2:27",1,3,0.333,0,0,0,0,0,0,0,0,0,0,0,0,0,2,2,2,21600,23070
"0020800001","2008-09","Regular Season",2008-10-28,"CLE @ BOS","1610612738","1610612739","BOS","CLE","Boston Celtics","Cleveland Cavaliers",90,85,1610612738,"BOS","Boston",2067,"Eddie House","Eddie",NA,NA,"2:27",0,0,0,0,0,0,0,0,0,0,0,0,0,0,0,0,0,0,2,21600,23070
"0020800001","2008-09","Regular Season",2008-10-28,"CLE @ BOS","1610612738","1610612739","BOS","CLE","Boston Celtics","Cleveland Cavaliers",90,85,1610612738,"BOS","Boston",2754,"Tony Allen","Tony",NA,NA,"2:27",2,2,1,0,0,0,1,2,0.5,1,1,2,0,0,0,0,0,5,2,21600,23070
"0020800001","2008-09","Regular Season",2008-10-28,"CLE @ BOS","1610612738","1610612739","BOS","CLE","Boston Celtics","Cleveland Cavaliers",90,85,1610612738,"BOS","Boston",200796,"Leon Powe","Leon",NA,NA,"2:27",0,0,0,0,0,0,0,0,0,0,0,0,0,0,0,0,0,0,2,21600,23070
"0020800001","2008-09","Regular Season",2008-10-28,"CLE @ BOS","1610612738","1610612739","BOS","CLE","Boston Celtics","Cleveland Cavaliers",90,85,1610612738,"BOS","Boston",201175,"Glen Davis","Glen",NA,NA,"2:27",0,1,0,0,0,0,0,0,0,0,0,0,0,1,0,1,0,0,2,21600,23070
"0020800001","2008-09","Regular Season",2008-10-28,"CLE @ BOS","1610612738","1610612739","BOS","CLE","Boston Celtics","Cleveland Cavaliers",90,85,1610612739,"CLE","Cleveland",2753,"Delonte West","Delonte","G",NA,"0:45",0,0,0,0,0,0,0,0,0,0,0,0,0,0,0,0,0,0,-2,23070,23520
"0020800001","2008-09","Regular Season",2008-10-28,"CLE @ BOS","1610612738","1610612739","BOS","CLE","Boston Celtics","Cleveland Cavaliers",90,85,1610612739,"CLE","Cleveland",200789,"Daniel Gibson","Daniel",NA,NA,"0:45",0,0,0,0,0,0,0,0,0,0,0,0,0,0,0,0,0,0,-2,23070,23520
"0020800001","2008-09","Regular Season",2008-10-28,"CLE @ BOS","1610612738","1610612739","BOS","CLE","Boston Celtics","Cleveland Cavaliers",90,85,1610612739,"CLE","Cleveland",2760,"Anderson Varejao","Anderson",NA,NA,"0:45",0,0,0,0,0,0,0,0,0,0,0,0,0,0,0,0,0,0,-2,23070,23520
"0020800001","2008-09","Regular Season",2008-10-28,"CLE @ BOS","1610612738","1610612739","BOS","CLE","Boston Celtics","Cleveland Cavaliers",90,85,1610612739,"CLE","Cleveland",2562,"Sasha Pavlovic","Sasha",NA,NA,"0:45",0,1,0,0,0,0,0,0,0,0,0,0,0,0,0,1,1,0,-2,23070,23520
"0020800001","2008-09","Regular Season",2008-10-28,"CLE @ BOS","1610612738","1610612739","BOS","CLE","Boston Celtics","Cleveland Cavaliers",90,85,1610612739,"CLE","Cleveland",953,"Lorenzen Wright","Lorenzen",NA,NA,"0:45",0,0,0,0,0,0,0,0,0,0,0,0,0,0,0,0,0,0,-2,23070,23520
"0020800001","2008-09","Regular Season",2008-10-28,"CLE @ BOS","1610612738","1610612739","BOS","CLE","Boston Celtics","Cleveland Cavaliers",90,85,1610612738,"BOS","Boston",951,"Ray Allen","Ray","G",NA,"0:45",0,0,0,0,0,0,0,0,0,0,0,0,0,0,0,0,0,0,2,23070,23520
"0020800001","2008-09","Regular Season",2008-10-28,"CLE @ BOS","1610612738","1610612739","BOS","CLE","Boston Celtics","Cleveland Cavaliers",90,85,1610612738,"BOS","Boston",2067,"Eddie House","Eddie",NA,NA,"0:45",0,0,0,0,0,0,0,0,0,0,0,0,0,0,0,0,0,0,2,23070,23520
"0020800001","2008-09","Regular Season",2008-10-28,"CLE @ BOS","1610612738","1610612739","BOS","CLE","Boston Celtics","Cleveland Cavaliers",90,85,1610612738,"BOS","Boston",2754,"Tony Allen","Tony",NA,NA,"0:45",0,0,0,0,0,0,0,0,0,0,0,0,0,0,0,0,0,0,2,23070,23520
"0020800001","2008-09","Regular Season",2008-10-28,"CLE @ BOS","1610612738","1610612739","BOS","CLE","Boston Celtics","Cleveland Cavaliers",90,85,1610612738,"BOS","Boston",200796,"Leon Powe","Leon",NA,NA,"0:45",1,1,1,0,0,0,0,0,0,0,0,0,0,0,0,0,0,2,2,23070,23520
"0020800001","2008-09","Regular Season",2008-10-28,"CLE @ BOS","1610612738","1610612739","BOS","CLE","Boston Celtics","Cleveland Cavaliers",90,85,1610612738,"BOS","Boston",201175,"Glen Davis","Glen",NA,NA,"0:45",0,0,0,0,0,0,0,0,0,0,0,0,1,0,0,0,0,0,2,23070,23520
"0020800001","2008-09","Regular Season",2008-10-28,"CLE @ BOS","1610612738","1610612739","BOS","CLE","Boston Celtics","Cleveland Cavaliers",90,85,1610612739,"CLE","Cleveland",2544,"LeBron James","LeBron","F",NA,"1:22",0,0,0,0,0,0,0,0,0,0,0,0,0,0,0,1,0,0,0,23520,24340
"0020800001","2008-09","Regular Season",2008-10-28,"CLE @ BOS","1610612738","1610612739","BOS","CLE","Boston Celtics","Cleveland Cavaliers",90,85,1610612739,"CLE","Cleveland",980,"Zydrunas Ilgauskas","Zydrunas","C",NA,"1:22",0,0,0,0,0,0,0,0,0,1,0,1,0,0,0,0,0,0,0,23520,24340
"0020800001","2008-09","Regular Season",2008-10-28,"CLE @ BOS","1610612738","1610612739","BOS","CLE","Boston Celtics","Cleveland Cavaliers",90,85,1610612739,"CLE","Cleveland",2590,"Mo Williams","Mo","G",NA,"1:22",0,1,0,0,0,0,0,0,0,0,0,0,0,0,0,0,0,0,0,23520,24340
"0020800001","2008-09","Regular Season",2008-10-28,"CLE @ BOS","1610612738","1610612739","BOS","CLE","Boston Celtics","Cleveland Cavaliers",90,85,1610612739,"CLE","Cleveland",200789,"Daniel Gibson","Daniel",NA,NA,"1:22",0,1,0,0,0,0,0,0,0,0,0,0,0,0,0,0,0,0,0,23520,24340
"0020800001","2008-09","Regular Season",2008-10-28,"CLE @ BOS","1610612738","1610612739","BOS","CLE","Boston Celtics","Cleveland Cavaliers",90,85,1610612739,"CLE","Cleveland",2760,"Anderson Varejao","Anderson",NA,NA,"1:22",0,0,0,0,0,0,0,0,0,0,0,0,0,1,0,0,0,0,0,23520,24340
"0020800001","2008-09","Regular Season",2008-10-28,"CLE @ BOS","1610612738","1610612739","BOS","CLE","Boston Celtics","Cleveland Cavaliers",90,85,1610612738,"BOS","Boston",951,"Ray Allen","Ray","G",NA,"1:22",0,0,0,0,0,0,0,0,0,0,0,0,0,0,0,1,0,0,0,23520,24340
"0020800001","2008-09","Regular Season",2008-10-28,"CLE @ BOS","1610612738","1610612739","BOS","CLE","Boston Celtics","Cleveland Cavaliers",90,85,1610612738,"BOS","Boston",2067,"Eddie House","Eddie",NA,NA,"1:22",0,0,0,0,0,0,0,0,0,0,0,0,0,0,0,0,0,0,0,23520,24340
"0020800001","2008-09","Regular Season",2008-10-28,"CLE @ BOS","1610612738","1610612739","BOS","CLE","Boston Celtics","Cleveland Cavaliers",90,85,1610612738,"BOS","Boston",2754,"Tony Allen","Tony",NA,NA,"1:22",0,0,0,0,0,0,0,0,0,0,0,0,0,0,0,0,0,0,0,23520,24340
"0020800001","2008-09","Regular Season",2008-10-28,"CLE @ BOS","1610612738","1610612739","BOS","CLE","Boston Celtics","Cleveland Cavaliers",90,85,1610612738,"BOS","Boston",200796,"Leon Powe","Leon",NA,NA,"1:22",0,0,0,0,0,0,0,0,0,0,0,0,0,0,0,0,1,0,0,23520,24340
"0020800001","2008-09","Regular Season",2008-10-28,"CLE @ BOS","1610612738","1610612739","BOS","CLE","Boston Celtics","Cleveland Cavaliers",90,85,1610612738,"BOS","Boston",201175,"Glen Davis","Glen",NA,NA,"1:22",0,1,0,0,0,0,0,0,0,0,1,1,0,0,0,0,0,0,0,23520,24340
"0020800001","2008-09","Regular Season",2008-10-28,"CLE @ BOS","1610612738","1610612739","BOS","CLE","Boston Celtics","Cleveland Cavaliers",90,85,1610612739,"CLE","Cleveland",2544,"LeBron James","LeBron","F",NA,"0:15",0,0,0,0,0,0,0,0,0,0,0,0,0,0,0,0,0,0,2,24340,24490
"0020800001","2008-09","Regular Season",2008-10-28,"CLE @ BOS","1610612738","1610612739","BOS","CLE","Boston Celtics","Cleveland Cavaliers",90,85,1610612739,"CLE","Cleveland",980,"Zydrunas Ilgauskas","Zydrunas","C",NA,"0:15",0,0,0,0,0,0,0,0,0,0,0,0,0,0,0,0,0,0,2,24340,24490
"0020800001","2008-09","Regular Season",2008-10-28,"CLE @ BOS","1610612738","1610612739","BOS","CLE","Boston Celtics","Cleveland Cavaliers",90,85,1610612739,"CLE","Cleveland",2590,"Mo Williams","Mo","G",NA,"0:15",0,0,0,0,0,0,0,0,0,0,0,0,1,0,0,0,0,0,2,24340,24490
"0020800001","2008-09","Regular Season",2008-10-28,"CLE @ BOS","1610612738","1610612739","BOS","CLE","Boston Celtics","Cleveland Cavaliers",90,85,1610612739,"CLE","Cleveland",200789,"Daniel Gibson","Daniel",NA,NA,"0:15",0,0,0,0,0,0,0,0,0,0,0,0,0,0,0,0,0,0,2,24340,24490
"0020800001","2008-09","Regular Season",2008-10-28,"CLE @ BOS","1610612738","1610612739","BOS","CLE","Boston Celtics","Cleveland Cavaliers",90,85,1610612739,"CLE","Cleveland",2760,"Anderson Varejao","Anderson",NA,NA,"0:15",1,1,1,0,0,0,0,1,0,0,0,0,0,1,0,0,0,2,2,24340,24490
"0020800001","2008-09","Regular Season",2008-10-28,"CLE @ BOS","1610612738","1610612739","BOS","CLE","Boston Celtics","Cleveland Cavaliers",90,85,1610612738,"BOS","Boston",708,"Kevin Garnett","Kevin","F",NA,"0:15",0,0,0,0,0,0,0,0,0,0,0,0,0,0,0,0,0,0,-2,24340,24490
"0020800001","2008-09","Regular Season",2008-10-28,"CLE @ BOS","1610612738","1610612739","BOS","CLE","Boston Celtics","Cleveland Cavaliers",90,85,1610612738,"BOS","Boston",951,"Ray Allen","Ray","G",NA,"0:15",0,0,0,0,0,0,0,0,0,0,0,0,0,0,0,1,0,0,-2,24340,24490
"0020800001","2008-09","Regular Season",2008-10-28,"CLE @ BOS","1610612738","1610612739","BOS","CLE","Boston Celtics","Cleveland Cavaliers",90,85,1610612738,"BOS","Boston",2067,"Eddie House","Eddie",NA,NA,"0:15",0,0,0,0,0,0,0,0,0,0,0,0,0,0,0,0,1,0,-2,24340,24490
"0020800001","2008-09","Regular Season",2008-10-28,"CLE @ BOS","1610612738","1610612739","BOS","CLE","Boston Celtics","Cleveland Cavaliers",90,85,1610612738,"BOS","Boston",2754,"Tony Allen","Tony",NA,NA,"0:15",0,0,0,0,0,0,0,0,0,0,0,0,0,0,0,0,0,0,-2,24340,24490
"0020800001","2008-09","Regular Season",2008-10-28,"CLE @ BOS","1610612738","1610612739","BOS","CLE","Boston Celtics","Cleveland Cavaliers",90,85,1610612738,"BOS","Boston",201175,"Glen Davis","Glen",NA,NA,"0:15",0,0,0,0,0,0,0,0,0,0,0,0,0,0,0,0,0,0,-2,24340,24490
"0020800001","2008-09","Regular Season",2008-10-28,"CLE @ BOS","1610612738","1610612739","BOS","CLE","Boston Celtics","Cleveland Cavaliers",90,85,1610612739,"CLE","Cleveland",2544,"LeBron James","LeBron","F",NA,"0:27",0,0,0,0,0,0,0,2,0,0,0,0,0,0,0,0,0,0,-2,24490,24760
"0020800001","2008-09","Regular Season",2008-10-28,"CLE @ BOS","1610612738","1610612739","BOS","CLE","Boston Celtics","Cleveland Cavaliers",90,85,1610612739,"CLE","Cleveland",980,"Zydrunas Ilgauskas","Zydrunas","C",NA,"0:27",0,0,0,0,0,0,0,0,0,0,0,0,0,0,0,0,0,0,-2,24490,24760
"0020800001","2008-09","Regular Season",2008-10-28,"CLE @ BOS","1610612738","1610612739","BOS","CLE","Boston Celtics","Cleveland Cavaliers",90,85,1610612739,"CLE","Cleveland",2590,"Mo Williams","Mo","G",NA,"0:27",0,0,0,0,0,0,0,0,0,0,0,0,0,0,0,0,0,0,-2,24490,24760
"0020800001","2008-09","Regular Season",2008-10-28,"CLE @ BOS","1610612738","1610612739","BOS","CLE","Boston Celtics","Cleveland Cavaliers",90,85,1610612739,"CLE","Cleveland",200789,"Daniel Gibson","Daniel",NA,NA,"0:27",0,0,0,0,0,0,0,0,0,0,0,0,0,0,0,0,0,0,-2,24490,24760
"0020800001","2008-09","Regular Season",2008-10-28,"CLE @ BOS","1610612738","1610612739","BOS","CLE","Boston Celtics","Cleveland Cavaliers",90,85,1610612739,"CLE","Cleveland",2760,"Anderson Varejao","Anderson",NA,NA,"0:27",0,0,0,0,0,0,0,0,0,0,0,0,0,0,0,0,0,0,-2,24490,24760
"0020800001","2008-09","Regular Season",2008-10-28,"CLE @ BOS","1610612738","1610612739","BOS","CLE","Boston Celtics","Cleveland Cavaliers",90,85,1610612738,"BOS","Boston",708,"Kevin Garnett","Kevin","F",NA,"0:27",0,0,0,0,0,0,0,0,0,0,0,0,0,0,0,0,0,0,2,24490,24760
"0020800001","2008-09","Regular Season",2008-10-28,"CLE @ BOS","1610612738","1610612739","BOS","CLE","Boston Celtics","Cleveland Cavaliers",90,85,1610612738,"BOS","Boston",2570,"Kendrick Perkins","Kendrick","C",NA,"0:27",0,0,0,0,0,0,0,0,0,0,0,0,0,0,0,0,0,0,2,24490,24760
"0020800001","2008-09","Regular Season",2008-10-28,"CLE @ BOS","1610612738","1610612739","BOS","CLE","Boston Celtics","Cleveland Cavaliers",90,85,1610612738,"BOS","Boston",951,"Ray Allen","Ray","G",NA,"0:27",0,0,0,0,0,0,0,0,0,0,0,0,0,0,0,0,0,0,2,24490,24760
"0020800001","2008-09","Regular Season",2008-10-28,"CLE @ BOS","1610612738","1610612739","BOS","CLE","Boston Celtics","Cleveland Cavaliers",90,85,1610612738,"BOS","Boston",2067,"Eddie House","Eddie",NA,NA,"0:27",0,0,0,0,0,0,0,0,0,0,0,0,0,0,0,0,0,0,2,24490,24760
"0020800001","2008-09","Regular Season",2008-10-28,"CLE @ BOS","1610612738","1610612739","BOS","CLE","Boston Celtics","Cleveland Cavaliers",90,85,1610612738,"BOS","Boston",2754,"Tony Allen","Tony",NA,NA,"0:27",1,1,1,0,0,0,0,0,0,0,0,0,0,0,0,0,1,2,2,24490,24760
"0020800001","2008-09","Regular Season",2008-10-28,"CLE @ BOS","1610612738","1610612739","BOS","CLE","Boston Celtics","Cleveland Cavaliers",90,85,1610612739,"CLE","Cleveland",2544,"LeBron James","LeBron","F",NA,"1:08",0,1,0,0,0,0,0,0,0,0,0,0,0,0,0,0,0,0,4,24760,25440
"0020800001","2008-09","Regular Season",2008-10-28,"CLE @ BOS","1610612738","1610612739","BOS","CLE","Boston Celtics","Cleveland Cavaliers",90,85,1610612739,"CLE","Cleveland",980,"Zydrunas Ilgauskas","Zydrunas","C",NA,"1:08",0,0,0,0,0,0,2,2,1,0,0,0,0,0,0,0,0,2,4,24760,25440
"0020800001","2008-09","Regular Season",2008-10-28,"CLE @ BOS","1610612738","1610612739","BOS","CLE","Boston Celtics","Cleveland Cavaliers",90,85,1610612739,"CLE","Cleveland",2590,"Mo Williams","Mo","G",NA,"1:08",0,0,0,0,0,0,0,0,0,0,0,0,0,0,0,0,0,0,4,24760,25440
"0020800001","2008-09","Regular Season",2008-10-28,"CLE @ BOS","1610612738","1610612739","BOS","CLE","Boston Celtics","Cleveland Cavaliers",90,85,1610612739,"CLE","Cleveland",200789,"Daniel Gibson","Daniel",NA,NA,"1:08",0,0,0,0,0,0,0,0,0,0,0,0,0,0,0,0,0,0,4,24760,25440
"0020800001","2008-09","Regular Season",2008-10-28,"CLE @ BOS","1610612738","1610612739","BOS","CLE","Boston Celtics","Cleveland Cavaliers",90,85,1610612739,"CLE","Cleveland",2760,"Anderson Varejao","Anderson",NA,NA,"1:08",1,1,1,0,0,0,0,0,0,2,0,2,0,0,0,0,0,2,4,24760,25440
"0020800001","2008-09","Regular Season",2008-10-28,"CLE @ BOS","1610612738","1610612739","BOS","CLE","Boston Celtics","Cleveland Cavaliers",90,85,1610612738,"BOS","Boston",708,"Kevin Garnett","Kevin","F",NA,"1:08",0,0,0,0,0,0,0,0,0,0,0,0,0,0,0,0,0,0,-4,24760,25440
"0020800001","2008-09","Regular Season",2008-10-28,"CLE @ BOS","1610612738","1610612739","BOS","CLE","Boston Celtics","Cleveland Cavaliers",90,85,1610612738,"BOS","Boston",2570,"Kendrick Perkins","Kendrick","C",NA,"1:08",0,0,0,0,0,0,0,0,0,0,0,0,0,0,0,0,1,0,-4,24760,25440
"0020800001","2008-09","Regular Season",2008-10-28,"CLE @ BOS","1610612738","1610612739","BOS","CLE","Boston Celtics","Cleveland Cavaliers",90,85,1610612738,"BOS","Boston",951,"Ray Allen","Ray","G",NA,"1:08",0,0,0,0,0,0,0,0,0,0,0,0,0,0,0,0,0,0,-4,24760,25440
"0020800001","2008-09","Regular Season",2008-10-28,"CLE @ BOS","1610612738","1610612739","BOS","CLE","Boston Celtics","Cleveland Cavaliers",90,85,1610612738,"BOS","Boston",200765,"Rajon Rondo","Rajon","G",NA,"1:08",0,0,0,0,0,0,0,0,0,0,0,0,0,0,0,0,0,0,-4,24760,25440
"0020800001","2008-09","Regular Season",2008-10-28,"CLE @ BOS","1610612738","1610612739","BOS","CLE","Boston Celtics","Cleveland Cavaliers",90,85,1610612738,"BOS","Boston",2754,"Tony Allen","Tony",NA,NA,"1:08",0,0,0,0,0,0,0,0,0,0,0,0,0,0,0,0,0,0,-4,24760,25440
"0020800001","2008-09","Regular Season",2008-10-28,"CLE @ BOS","1610612738","1610612739","BOS","CLE","Boston Celtics","Cleveland Cavaliers",90,85,1610612739,"CLE","Cleveland",2544,"LeBron James","LeBron","F",NA,"1:46",1,2,0.5,0,1,0,0,0,0,1,0,1,1,0,0,0,0,2,0,25440,26500
"0020800001","2008-09","Regular Season",2008-10-28,"CLE @ BOS","1610612738","1610612739","BOS","CLE","Boston Celtics","Cleveland Cavaliers",90,85,1610612739,"CLE","Cleveland",980,"Zydrunas Ilgauskas","Zydrunas","C",NA,"1:46",1,1,1,0,0,0,0,0,0,0,1,1,0,0,0,1,1,2,0,25440,26500
"0020800001","2008-09","Regular Season",2008-10-28,"CLE @ BOS","1610612738","1610612739","BOS","CLE","Boston Celtics","Cleveland Cavaliers",90,85,1610612739,"CLE","Cleveland",2590,"Mo Williams","Mo","G",NA,"1:46",0,1,0,0,1,0,0,0,0,0,0,0,0,0,0,2,1,0,0,25440,26500
"0020800001","2008-09","Regular Season",2008-10-28,"CLE @ BOS","1610612738","1610612739","BOS","CLE","Boston Celtics","Cleveland Cavaliers",90,85,1610612739,"CLE","Cleveland",200789,"Daniel Gibson","Daniel",NA,NA,"1:46",0,0,0,0,0,0,0,0,0,0,1,1,0,0,0,0,0,0,0,25440,26500
"0020800001","2008-09","Regular Season",2008-10-28,"CLE @ BOS","1610612738","1610612739","BOS","CLE","Boston Celtics","Cleveland Cavaliers",90,85,1610612739,"CLE","Cleveland",2760,"Anderson Varejao","Anderson",NA,NA,"1:46",0,0,0,0,0,0,0,0,0,1,0,1,0,0,0,0,0,0,0,25440,26500
"0020800001","2008-09","Regular Season",2008-10-28,"CLE @ BOS","1610612738","1610612739","BOS","CLE","Boston Celtics","Cleveland Cavaliers",90,85,1610612738,"BOS","Boston",1718,"Paul Pierce","Paul","F",NA,"1:46",0,0,0,0,0,0,0,0,0,0,0,0,0,0,0,0,0,0,0,25440,26500
"0020800001","2008-09","Regular Season",2008-10-28,"CLE @ BOS","1610612738","1610612739","BOS","CLE","Boston Celtics","Cleveland Cavaliers",90,85,1610612738,"BOS","Boston",708,"Kevin Garnett","Kevin","F",NA,"1:46",0,0,0,0,0,0,0,0,0,0,0,0,0,0,0,0,0,0,0,25440,26500
"0020800001","2008-09","Regular Season",2008-10-28,"CLE @ BOS","1610612738","1610612739","BOS","CLE","Boston Celtics","Cleveland Cavaliers",90,85,1610612738,"BOS","Boston",2570,"Kendrick Perkins","Kendrick","C",NA,"1:46",0,0,0,0,0,0,0,0,0,0,0,0,0,0,0,1,1,0,0,25440,26500
"0020800001","2008-09","Regular Season",2008-10-28,"CLE @ BOS","1610612738","1610612739","BOS","CLE","Boston Celtics","Cleveland Cavaliers",90,85,1610612738,"BOS","Boston",951,"Ray Allen","Ray","G",NA,"1:46",0,1,0,0,1,0,0,0,0,0,0,0,0,0,0,0,0,0,0,25440,26500
"0020800001","2008-09","Regular Season",2008-10-28,"CLE @ BOS","1610612738","1610612739","BOS","CLE","Boston Celtics","Cleveland Cavaliers",90,85,1610612738,"BOS","Boston",200765,"Rajon Rondo","Rajon","G",NA,"1:46",1,2,0.5,0,0,0,2,2,1,0,0,0,0,2,0,0,0,4,0,25440,26500
"0020800001","2008-09","Regular Season",2008-10-28,"CLE @ BOS","1610612738","1610612739","BOS","CLE","Boston Celtics","Cleveland Cavaliers",90,85,1610612739,"CLE","Cleveland",2544,"LeBron James","LeBron","F",NA,"0:17",0,0,0,0,0,0,0,0,0,0,0,0,0,0,0,0,0,0,0,26500,26670
"0020800001","2008-09","Regular Season",2008-10-28,"CLE @ BOS","1610612738","1610612739","BOS","CLE","Boston Celtics","Cleveland Cavaliers",90,85,1610612739,"CLE","Cleveland",980,"Zydrunas Ilgauskas","Zydrunas","C",NA,"0:17",0,0,0,0,0,0,0,0,0,0,0,0,0,0,0,0,0,0,0,26500,26670
"0020800001","2008-09","Regular Season",2008-10-28,"CLE @ BOS","1610612738","1610612739","BOS","CLE","Boston Celtics","Cleveland Cavaliers",90,85,1610612739,"CLE","Cleveland",2753,"Delonte West","Delonte","G",NA,"0:17",0,0,0,0,0,0,0,0,0,0,0,0,0,0,0,0,0,0,0,26500,26670
"0020800001","2008-09","Regular Season",2008-10-28,"CLE @ BOS","1610612738","1610612739","BOS","CLE","Boston Celtics","Cleveland Cavaliers",90,85,1610612739,"CLE","Cleveland",2590,"Mo Williams","Mo","G",NA,"0:17",0,0,0,0,0,0,0,0,0,0,0,0,0,0,0,0,0,0,0,26500,26670
"0020800001","2008-09","Regular Season",2008-10-28,"CLE @ BOS","1610612738","1610612739","BOS","CLE","Boston Celtics","Cleveland Cavaliers",90,85,1610612739,"CLE","Cleveland",2760,"Anderson Varejao","Anderson",NA,NA,"0:17",0,0,0,0,0,0,0,0,0,0,0,0,0,0,0,0,0,0,0,26500,26670
"0020800001","2008-09","Regular Season",2008-10-28,"CLE @ BOS","1610612738","1610612739","BOS","CLE","Boston Celtics","Cleveland Cavaliers",90,85,1610612738,"BOS","Boston",1718,"Paul Pierce","Paul","F",NA,"0:17",0,0,0,0,0,0,0,0,0,0,0,0,0,0,0,0,0,0,0,26500,26670
"0020800001","2008-09","Regular Season",2008-10-28,"CLE @ BOS","1610612738","1610612739","BOS","CLE","Boston Celtics","Cleveland Cavaliers",90,85,1610612738,"BOS","Boston",708,"Kevin Garnett","Kevin","F",NA,"0:17",0,0,0,0,0,0,0,0,0,0,0,0,0,0,0,0,0,0,0,26500,26670
"0020800001","2008-09","Regular Season",2008-10-28,"CLE @ BOS","1610612738","1610612739","BOS","CLE","Boston Celtics","Cleveland Cavaliers",90,85,1610612738,"BOS","Boston",2570,"Kendrick Perkins","Kendrick","C",NA,"0:17",0,0,0,0,0,0,0,0,0,0,0,0,0,0,0,1,1,0,0,26500,26670
"0020800001","2008-09","Regular Season",2008-10-28,"CLE @ BOS","1610612738","1610612739","BOS","CLE","Boston Celtics","Cleveland Cavaliers",90,85,1610612738,"BOS","Boston",951,"Ray Allen","Ray","G",NA,"0:17",0,0,0,0,0,0,0,0,0,0,0,0,0,0,0,0,0,0,0,26500,26670
"0020800001","2008-09","Regular Season",2008-10-28,"CLE @ BOS","1610612738","1610612739","BOS","CLE","Boston Celtics","Cleveland Cavaliers",90,85,1610612738,"BOS","Boston",200765,"Rajon Rondo","Rajon","G",NA,"0:17",0,0,0,0,0,0,0,0,0,0,0,0,0,0,0,0,0,0,0,26500,26670
"0020800001","2008-09","Regular Season",2008-10-28,"CLE @ BOS","1610612738","1610612739","BOS","CLE","Boston Celtics","Cleveland Cavaliers",90,85,1610612739,"CLE","Cleveland",2544,"LeBron James","LeBron","F",NA,"3:18",1,3,0.333,0,1,0,0,0,0,0,1,1,0,0,0,1,0,2,1,26670,28650
"0020800001","2008-09","Regular Season",2008-10-28,"CLE @ BOS","1610612738","1610612739","BOS","CLE","Boston Celtics","Cleveland Cavaliers",90,85,1610612739,"CLE","Cleveland",980,"Zydrunas Ilgauskas","Zydrunas","C",NA,"3:18",0,1,0,0,0,0,0,0,0,0,0,0,0,0,0,0,1,0,1,26670,28650
"0020800001","2008-09","Regular Season",2008-10-28,"CLE @ BOS","1610612738","1610612739","BOS","CLE","Boston Celtics","Cleveland Cavaliers",90,85,1610612739,"CLE","Cleveland",2753,"Delonte West","Delonte","G",NA,"3:18",0,0,0,0,0,0,0,0,0,0,0,0,0,0,0,0,0,0,1,26670,28650
"0020800001","2008-09","Regular Season",2008-10-28,"CLE @ BOS","1610612738","1610612739","BOS","CLE","Boston Celtics","Cleveland Cavaliers",90,85,1610612739,"CLE","Cleveland",2590,"Mo Williams","Mo","G",NA,"3:18",1,1,1,1,1,1,0,0,0,0,1,1,1,1,0,0,1,3,1,26670,28650
"0020800001","2008-09","Regular Season",2008-10-28,"CLE @ BOS","1610612738","1610612739","BOS","CLE","Boston Celtics","Cleveland Cavaliers",90,85,1610612739,"CLE","Cleveland",2760,"Anderson Varejao","Anderson",NA,NA,"3:18",0,0,0,0,0,0,0,0,0,0,2,2,0,0,0,0,0,0,1,26670,28650
"0020800001","2008-09","Regular Season",2008-10-28,"CLE @ BOS","1610612738","1610612739","BOS","CLE","Boston Celtics","Cleveland Cavaliers",90,85,1610612738,"BOS","Boston",1718,"Paul Pierce","Paul","F",NA,"3:18",0,2,0,0,0,0,0,0,0,0,0,0,1,0,0,0,0,0,-1,26670,28650
"0020800001","2008-09","Regular Season",2008-10-28,"CLE @ BOS","1610612738","1610612739","BOS","CLE","Boston Celtics","Cleveland Cavaliers",90,85,1610612738,"BOS","Boston",708,"Kevin Garnett","Kevin","F",NA,"3:18",1,1,1,0,0,0,1,2,0.5,0,0,0,0,0,0,0,0,3,-1,26670,28650
"0020800001","2008-09","Regular Season",2008-10-28,"CLE @ BOS","1610612738","1610612739","BOS","CLE","Boston Celtics","Cleveland Cavaliers",90,85,1610612738,"BOS","Boston",951,"Ray Allen","Ray","G",NA,"3:18",0,0,0,0,0,0,1,2,0.5,0,1,1,0,0,0,1,0,1,-1,26670,28650
"0020800001","2008-09","Regular Season",2008-10-28,"CLE @ BOS","1610612738","1610612739","BOS","CLE","Boston Celtics","Cleveland Cavaliers",90,85,1610612738,"BOS","Boston",200765,"Rajon Rondo","Rajon","G",NA,"3:18",0,0,0,0,0,0,0,0,0,1,1,2,0,0,0,0,0,0,-1,26670,28650
"0020800001","2008-09","Regular Season",2008-10-28,"CLE @ BOS","1610612738","1610612739","BOS","CLE","Boston Celtics","Cleveland Cavaliers",90,85,1610612738,"BOS","Boston",200796,"Leon Powe","Leon",NA,NA,"3:18",0,1,0,0,0,0,0,0,0,0,0,0,0,0,0,0,0,0,-1,26670,28650
"0020800001","2008-09","Regular Season",2008-10-28,"CLE @ BOS","1610612738","1610612739","BOS","CLE","Boston Celtics","Cleveland Cavaliers",90,85,1610612739,"CLE","Cleveland",2544,"LeBron James","LeBron","F",NA,"0:05",0,0,0,0,0,0,1,2,0.5,0,0,0,0,0,0,0,0,1,1,28650,28700
"0020800001","2008-09","Regular Season",2008-10-28,"CLE @ BOS","1610612738","1610612739","BOS","CLE","Boston Celtics","Cleveland Cavaliers",90,85,1610612739,"CLE","Cleveland",2753,"Delonte West","Delonte","G",NA,"0:05",0,0,0,0,0,0,0,0,0,0,0,0,0,0,0,0,0,0,1,28650,28700
"0020800001","2008-09","Regular Season",2008-10-28,"CLE @ BOS","1610612738","1610612739","BOS","CLE","Boston Celtics","Cleveland Cavaliers",90,85,1610612739,"CLE","Cleveland",2590,"Mo Williams","Mo","G",NA,"0:05",0,0,0,0,0,0,0,0,0,0,0,0,0,0,0,0,0,0,1,28650,28700
"0020800001","2008-09","Regular Season",2008-10-28,"CLE @ BOS","1610612738","1610612739","BOS","CLE","Boston Celtics","Cleveland Cavaliers",90,85,1610612739,"CLE","Cleveland",200789,"Daniel Gibson","Daniel",NA,NA,"0:05",0,0,0,0,0,0,0,0,0,0,0,0,0,0,0,0,0,0,1,28650,28700
"0020800001","2008-09","Regular Season",2008-10-28,"CLE @ BOS","1610612738","1610612739","BOS","CLE","Boston Celtics","Cleveland Cavaliers",90,85,1610612739,"CLE","Cleveland",2760,"Anderson Varejao","Anderson",NA,NA,"0:05",0,0,0,0,0,0,0,0,0,0,0,0,0,0,0,0,0,0,1,28650,28700
"0020800001","2008-09","Regular Season",2008-10-28,"CLE @ BOS","1610612738","1610612739","BOS","CLE","Boston Celtics","Cleveland Cavaliers",90,85,1610612738,"BOS","Boston",1718,"Paul Pierce","Paul","F",NA,"0:05",0,0,0,0,0,0,0,0,0,0,0,0,0,0,0,0,1,0,-1,28650,28700
"0020800001","2008-09","Regular Season",2008-10-28,"CLE @ BOS","1610612738","1610612739","BOS","CLE","Boston Celtics","Cleveland Cavaliers",90,85,1610612738,"BOS","Boston",708,"Kevin Garnett","Kevin","F",NA,"0:05",0,0,0,0,0,0,0,0,0,0,0,0,0,0,0,0,0,0,-1,28650,28700
"0020800001","2008-09","Regular Season",2008-10-28,"CLE @ BOS","1610612738","1610612739","BOS","CLE","Boston Celtics","Cleveland Cavaliers",90,85,1610612738,"BOS","Boston",951,"Ray Allen","Ray","G",NA,"0:05",0,0,0,0,0,0,0,0,0,0,0,0,0,0,0,0,0,0,-1,28650,28700
"0020800001","2008-09","Regular Season",2008-10-28,"CLE @ BOS","1610612738","1610612739","BOS","CLE","Boston Celtics","Cleveland Cavaliers",90,85,1610612738,"BOS","Boston",200765,"Rajon Rondo","Rajon","G",NA,"0:05",0,0,0,0,0,0,0,0,0,0,0,0,0,0,0,0,0,0,-1,28650,28700
"0020800001","2008-09","Regular Season",2008-10-28,"CLE @ BOS","1610612738","1610612739","BOS","CLE","Boston Celtics","Cleveland Cavaliers",90,85,1610612738,"BOS","Boston",2754,"Tony Allen","Tony",NA,NA,"0:05",0,0,0,0,0,0,0,0,0,0,0,0,0,0,0,0,0,0,-1,28650,28700
"0020800001","2008-09","Regular Season",2008-10-28,"CLE @ BOS","1610612738","1610612739","BOS","CLE","Boston Celtics","Cleveland Cavaliers",90,85,1610612739,"CLE","Cleveland",2544,"LeBron James","LeBron","F",NA,"0:06",0,0,0,0,0,0,1,2,0.5,0,1,1,0,0,0,0,0,1,-3,28700,28760
"0020800001","2008-09","Regular Season",2008-10-28,"CLE @ BOS","1610612738","1610612739","BOS","CLE","Boston Celtics","Cleveland Cavaliers",90,85,1610612739,"CLE","Cleveland",2753,"Delonte West","Delonte","G",NA,"0:06",0,0,0,0,0,0,0,0,0,0,0,0,0,0,0,0,0,0,-3,28700,28760
"0020800001","2008-09","Regular Season",2008-10-28,"CLE @ BOS","1610612738","1610612739","BOS","CLE","Boston Celtics","Cleveland Cavaliers",90,85,1610612739,"CLE","Cleveland",2590,"Mo Williams","Mo","G",NA,"0:06",0,0,0,0,0,0,0,0,0,0,0,0,0,0,0,0,0,0,-3,28700,28760
"0020800001","2008-09","Regular Season",2008-10-28,"CLE @ BOS","1610612738","1610612739","BOS","CLE","Boston Celtics","Cleveland Cavaliers",90,85,1610612739,"CLE","Cleveland",200789,"Daniel Gibson","Daniel",NA,NA,"0:06",0,0,0,0,0,0,0,0,0,0,0,0,0,0,0,0,1,0,-3,28700,28760
"0020800001","2008-09","Regular Season",2008-10-28,"CLE @ BOS","1610612738","1610612739","BOS","CLE","Boston Celtics","Cleveland Cavaliers",90,85,1610612739,"CLE","Cleveland",2760,"Anderson Varejao","Anderson",NA,NA,"0:06",0,0,0,0,0,0,0,0,0,0,0,0,0,0,0,0,1,0,-3,28700,28760
"0020800001","2008-09","Regular Season",2008-10-28,"CLE @ BOS","1610612738","1610612739","BOS","CLE","Boston Celtics","Cleveland Cavaliers",90,85,1610612738,"BOS","Boston",1718,"Paul Pierce","Paul","F",NA,"0:06",0,0,0,0,0,0,0,0,0,0,0,0,1,0,0,0,0,0,3,28700,28760
"0020800001","2008-09","Regular Season",2008-10-28,"CLE @ BOS","1610612738","1610612739","BOS","CLE","Boston Celtics","Cleveland Cavaliers",90,85,1610612738,"BOS","Boston",708,"Kevin Garnett","Kevin","F",NA,"0:06",0,0,0,0,0,0,0,0,0,0,0,0,0,0,0,0,0,0,3,28700,28760
"0020800001","2008-09","Regular Season",2008-10-28,"CLE @ BOS","1610612738","1610612739","BOS","CLE","Boston Celtics","Cleveland Cavaliers",90,85,1610612738,"BOS","Boston",951,"Ray Allen","Ray","G",NA,"0:06",0,0,0,0,0,0,2,2,1,0,0,0,0,0,0,0,0,2,3,28700,28760
"0020800001","2008-09","Regular Season",2008-10-28,"CLE @ BOS","1610612738","1610612739","BOS","CLE","Boston Celtics","Cleveland Cavaliers",90,85,1610612738,"BOS","Boston",200765,"Rajon Rondo","Rajon","G",NA,"0:06",0,0,0,0,0,0,0,0,0,0,0,0,0,0,0,0,1,0,3,28700,28760
"0020800001","2008-09","Regular Season",2008-10-28,"CLE @ BOS","1610612738","1610612739","BOS","CLE","Boston Celtics","Cleveland Cavaliers",90,85,1610612738,"BOS","Boston",200796,"Leon Powe","Leon",NA,NA,"0:06",1,1,1,0,0,0,0,1,0,0,0,0,0,0,0,0,0,2,3,28700,28760
"0020800001","2008-09","Regular Season",2008-10-28,"CLE @ BOS","1610612738","1610612739","BOS","CLE","Boston Celtics","Cleveland Cavaliers",90,85,1610612739,"CLE","Cleveland",2544,"LeBron James","LeBron","F",NA,"0:04",0,0,0,0,0,0,0,0,0,0,0,0,0,0,0,0,0,0,0,28760,28800
"0020800001","2008-09","Regular Season",2008-10-28,"CLE @ BOS","1610612738","1610612739","BOS","CLE","Boston Celtics","Cleveland Cavaliers",90,85,1610612739,"CLE","Cleveland",2753,"Delonte West","Delonte","G",NA,"0:04",0,0,0,0,0,0,0,0,0,0,0,0,0,0,0,0,0,0,0,28760,28800
"0020800001","2008-09","Regular Season",2008-10-28,"CLE @ BOS","1610612738","1610612739","BOS","CLE","Boston Celtics","Cleveland Cavaliers",90,85,1610612739,"CLE","Cleveland",2590,"Mo Williams","Mo","G",NA,"0:04",0,0,0,0,0,0,0,0,0,0,0,0,0,0,0,0,0,0,0,28760,28800
"0020800001","2008-09","Regular Season",2008-10-28,"CLE @ BOS","1610612738","1610612739","BOS","CLE","Boston Celtics","Cleveland Cavaliers",90,85,1610612739,"CLE","Cleveland",200789,"Daniel Gibson","Daniel",NA,NA,"0:04",0,0,0,0,0,0,0,0,0,0,0,0,0,0,0,0,0,0,0,28760,28800
"0020800001","2008-09","Regular Season",2008-10-28,"CLE @ BOS","1610612738","1610612739","BOS","CLE","Boston Celtics","Cleveland Cavaliers",90,85,1610612739,"CLE","Cleveland",2760,"Anderson Varejao","Anderson",NA,NA,"0:04",0,1,0,0,0,0,0,0,0,0,0,0,0,0,0,0,0,0,0,28760,28800
"0020800001","2008-09","Regular Season",2008-10-28,"CLE @ BOS","1610612738","1610612739","BOS","CLE","Boston Celtics","Cleveland Cavaliers",90,85,1610612738,"BOS","Boston",1718,"Paul Pierce","Paul","F",NA,"0:04",0,0,0,0,0,0,0,0,0,0,0,0,0,0,0,0,0,0,0,28760,28800
"0020800001","2008-09","Regular Season",2008-10-28,"CLE @ BOS","1610612738","1610612739","BOS","CLE","Boston Celtics","Cleveland Cavaliers",90,85,1610612738,"BOS","Boston",708,"Kevin Garnett","Kevin","F",NA,"0:04",0,0,0,0,0,0,0,0,0,0,0,0,0,0,0,0,0,0,0,28760,28800
"0020800001","2008-09","Regular Season",2008-10-28,"CLE @ BOS","1610612738","1610612739","BOS","CLE","Boston Celtics","Cleveland Cavaliers",90,85,1610612738,"BOS","Boston",951,"Ray Allen","Ray","G",NA,"0:04",0,0,0,0,0,0,0,0,0,0,0,0,0,0,0,0,0,0,0,28760,28800
"0020800001","2008-09","Regular Season",2008-10-28,"CLE @ BOS","1610612738","1610612739","BOS","CLE","Boston Celtics","Cleveland Cavaliers",90,85,1610612738,"BOS","Boston",200765,"Rajon Rondo","Rajon","G",NA,"0:04",0,0,0,0,0,0,0,0,0,0,0,0,0,0,0,0,0,0,0,28760,28800
"0020800001","2008-09","Regular Season",2008-10-28,"CLE @ BOS","1610612738","1610612739","BOS","CLE","Boston Celtics","Cleveland Cavaliers",90,85,1610612738,"BOS","Boston",2754,"Tony Allen","Tony",NA,NA,"0:04",0,0,0,0,0,0,0,0,0,0,0,0,0,0,0,0,0,0,0,28760,28800
